,name,nationality,position,club,age,tackles_attemped,tackles_won,def_3rd_tackles,mid_3rd_tackles,off_3rd_tackles,dribbler_tackles_won,dribbler_tackles_attempted,dribber_tackles_success_rate,dribber_tackles_lost,blocks,shots_blocked,passes_blocked,interceptions,tackles_and_interceptions,clearances,errors_leading_to_shots,tackles_attemped_per_90,tackles_won_per_90,def_3rd_tackles_per_90,mid_3rd_tackles_per_90,off_3rd_tackles_per_90,dribbler_tackles_won_per_90,dribbler_tackles_attempted_per_90,dribber_tackles_lost_per_90,blocks_per_90,shots_blocked_per_90,passes_blocked_per_90,interceptions_per_90,tackles_and_interceptions_per_90,clearances_per_90,errors_leading_to_shots_per_90
0,Max Aarons,ENG,"DF,MF",Valencia,24.0,4,4,2,2,0,4,5,80.0,1,1,0,1,0,4,3,0,3.08,3.08,1.54,1.54,0.0,3.08,3.85,0.77,0.77,0.0,0.77,0.0,3.08,2.31,0.0
1,Rodrigo Abajas,ESP,DF,Valencia,21.0,3,2,2,1,0,3,3,100.0,0,1,0,1,1,4,0,0,4.29,2.86,2.86,1.43,0.0,4.29,4.29,0.0,1.43,0.0,1.43,1.43,5.71,0.0,0.0
2,Abel,ESP,DF,Osasuna,23.0,61,37,28,25,8,39,63,61.9,24,29,4,25,18,79,64,2,2.65,1.61,1.22,1.09,0.35,1.7,2.74,1.04,1.26,0.17,1.09,0.78,3.43,2.78,0.09
3,Nabil Aberdin,FRA,MF,Getafe,21.0,6,4,3,3,0,1,1,100.0,0,3,0,3,0,6,5,0,2.07,1.38,1.03,1.03,0.0,0.34,0.34,0.0,1.03,0.0,1.03,0.0,2.07,1.72,0.0
4,Abdel Abqar,MAR,DF,Alavés,25.0,36,23,24,11,1,20,34,58.8,14,28,18,10,39,75,146,1,1.31,0.84,0.88,0.4,0.04,0.73,1.24,0.51,1.02,0.66,0.36,1.42,2.74,5.33,0.04
5,Akor Adams,NGA,FW,Sevilla,24.0,0,0,0,0,0,0,0,,0,1,0,1,0,0,1,0,0.0,0.0,0.0,0.0,0.0,0.0,0.0,0.0,0.67,0.0,0.67,0.0,0.0,0.67,0.0
6,Adrián,ESP,GK,Betis,37.0,0,0,0,0,0,0,3,0.0,3,0,0,0,0,0,14,3,0.0,0.0,0.0,0.0,0.0,0.0,0.16,0.16,0.0,0.0,0.0,0.0,0.0,0.74,0.16
7,Julen Agirrezabala,ESP,GK,Athletic Club,23.0,0,0,0,0,0,0,1,0.0,1,0,0,0,0,0,4,0,0.0,0.0,0.0,0.0,0.0,0.0,0.07,0.07,0.0,0.0,0.0,0.0,0.0,0.3,0.0
8,Lucien Agoume,FRA,MF,Sevilla,22.0,70,32,23,37,10,27,39,69.2,12,30,11,19,41,111,42,0,2.98,1.36,0.98,1.57,0.43,1.15,1.66,0.51,1.28,0.47,0.81,1.74,4.72,1.79,0.0
9,Álvaro Aguado,ESP,MF,Espanyol,28.0,5,2,3,2,0,3,9,33.3,6,7,1,6,4,9,5,1,1.02,0.41,0.61,0.41,0.0,0.61,1.84,1.22,1.43,0.2,1.22,0.82,1.84,1.02,0.2
10,Lorenzo Aguado,ESP,DF,Real Madrid,21.0,0,0,0,0,0,0,0,,0,0,0,0,0,0,2,0,0.0,0.0,0.0,0.0,0.0,0.0,0.0,0.0,0.0,0.0,0.0,0.0,0.0,20.0,0.0
11,Nayef Aguerd,MAR,DF,Real Sociedad,28.0,30,24,17,12,1,12,18,66.7,6,21,15,6,13,43,91,0,1.53,1.22,0.87,0.61,0.05,0.61,0.92,0.31,1.07,0.77,0.31,0.66,2.19,4.64,0.0
12,Joseph Aidoo,GHA,DF,Valladolid,28.0,5,5,3,2,0,2,3,66.7,1,8,4,4,5,10,26,1,0.77,0.77,0.46,0.31,0.0,0.31,0.46,0.15,1.23,0.62,0.62,0.77,1.54,4.0,0.15
13,Joseph Aidoo,GHA,DF,Celta Vigo,28.0,1,0,1,0,0,0,0,,0,0,0,0,0,1,0,0,1.0,0.0,1.0,0.0,0.0,0.0,0.0,0.0,0.0,0.0,0.0,0.0,1.0,0.0,0.0
14,Ilias Akhomach,MAR,"MF,FW",Villarreal,20.0,12,7,4,4,4,6,12,50.0,6,8,0,8,3,15,13,0,1.85,1.08,0.62,0.62,0.62,0.92,1.85,0.92,1.23,0.0,1.23,0.46,2.31,2.0,0.0
15,David Alaba,AUT,DF,Real Madrid,32.0,1,0,1,0,0,0,0,,0,5,5,0,6,7,7,0,0.29,0.0,0.29,0.0,0.0,0.0,0.0,0.0,1.43,1.43,0.0,1.71,2.0,2.0,0.0
16,Ibrahim Alani,NGA,MF,Valladolid,18.0,12,7,8,4,0,4,6,66.7,2,3,1,2,1,13,1,0,6.67,3.89,4.44,2.22,0.0,2.22,3.33,1.11,1.67,0.56,1.11,0.56,7.22,0.56,0.0
17,Raúl Albiol,ESP,DF,Villarreal,38.0,10,9,9,1,0,6,10,60.0,4,10,9,1,6,16,69,1,0.76,0.68,0.68,0.08,0.0,0.45,0.76,0.3,0.76,0.68,0.08,0.45,1.21,5.23,0.08
18,Omar Alderete,PAR,DF,Getafe,27.0,43,29,30,11,2,20,30,66.7,10,38,22,16,40,83,241,1,1.3,0.88,0.91,0.33,0.06,0.61,0.91,0.3,1.15,0.67,0.48,1.21,2.52,7.3,0.03
19,Carles Aleñá,ESP,"MF,FW",Getafe,26.0,6,3,2,3,1,4,13,30.8,9,9,1,8,0,6,7,0,1.2,0.6,0.4,0.6,0.2,0.8,2.6,1.8,1.8,0.2,1.6,0.0,1.2,1.4,0.0
20,Carles Aleñá,ESP,"MF,FW",Alavés,26.0,19,12,6,7,6,7,17,41.2,10,11,0,11,2,21,4,0,1.57,0.99,0.5,0.58,0.5,0.58,1.4,0.83,0.91,0.0,0.91,0.17,1.74,0.33,0.0
21,Alfon,ESP,"FW,MF",Celta Vigo,25.0,8,3,3,2,3,4,12,33.3,8,8,0,8,5,13,5,1,0.53,0.2,0.2,0.13,0.2,0.26,0.79,0.53,0.53,0.0,0.53,0.33,0.86,0.33,0.07
22,Tadeo Allende,ARG,FW,Celta Vigo,25.0,0,0,0,0,0,0,0,,0,0,0,0,0,0,0,0,0.0,0.0,0.0,0.0,0.0,0.0,0.0,0.0,0.0,0.0,0.0,0.0,0.0,0.0,0.0
23,Domingos André Ribeiro Almeida,POR,"MF,FW",Valencia,24.0,48,32,18,21,9,14,39,35.9,25,21,3,18,8,56,14,1,2.18,1.45,0.82,0.95,0.41,0.64,1.77,1.14,0.95,0.14,0.82,0.36,2.55,0.64,0.05
24,Iker Almena,ESP,"FW,DF",Girona,20.0,0,0,0,0,0,0,1,0.0,1,1,0,1,0,0,2,0,0.0,0.0,0.0,0.0,0.0,0.0,2.0,2.0,2.0,0.0,2.0,0.0,0.0,4.0,0.0
25,Marcos Alonso,ESP,DF,Celta Vigo,33.0,35,21,19,13,3,25,44,56.8,19,22,7,15,34,69,126,4,1.19,0.71,0.65,0.44,0.1,0.85,1.5,0.65,0.75,0.24,0.51,1.16,2.35,4.29,0.14
26,Adrià Altimira,ESP,"DF,FW",Leganés,23.0,41,24,26,12,3,24,40,60.0,16,15,6,9,15,56,54,2,2.27,1.33,1.44,0.66,0.17,1.33,2.21,0.88,0.83,0.33,0.5,0.83,3.09,2.98,0.11
27,Sergi Altimira,ESP,MF,Betis,22.0,61,37,17,38,6,36,60,60.0,24,28,1,27,24,85,43,3,2.79,1.69,0.78,1.74,0.27,1.64,2.74,1.1,1.28,0.05,1.23,1.1,3.88,1.96,0.14
28,Hugo Álvarez,ESP,"MF,DF",Celta Vigo,21.0,26,9,12,10,4,10,19,52.6,9,19,2,17,8,34,29,1,1.49,0.51,0.69,0.57,0.23,0.57,1.09,0.51,1.09,0.11,0.97,0.46,1.94,1.66,0.06
29,Julián Álvarez,ARG,FW,Atlético Madrid,24.0,25,17,5,11,9,8,30,26.7,22,14,0,14,2,27,12,1,0.9,0.61,0.18,0.39,0.32,0.29,1.08,0.79,0.5,0.0,0.5,0.07,0.97,0.43,0.04
30,Yeray Álvarez,ESP,DF,Athletic Club,29.0,25,13,14,9,2,15,22,68.2,7,10,6,4,34,59,129,1,1.26,0.66,0.71,0.45,0.1,0.76,1.11,0.35,0.51,0.3,0.2,1.72,2.98,6.52,0.05
31,Selim Amallah,MAR,MF,Valladolid,27.0,30,18,10,18,2,10,18,55.6,8,24,2,22,14,44,5,1,1.96,1.18,0.65,1.18,0.13,0.65,1.18,0.52,1.57,0.13,1.44,0.92,2.88,0.33,0.07
32,Amath,SEN,"FW,DF",Valladolid,28.0,2,0,2,0,0,1,8,12.5,7,7,1,6,2,4,6,0,0.48,0.0,0.48,0.0,0.0,0.24,1.9,1.67,1.67,0.24,1.43,0.48,0.95,1.43,0.0
33,Marcos André,BRA,FW,Valladolid,27.0,10,6,3,5,2,5,13,38.5,8,18,2,16,3,13,10,0,0.76,0.45,0.23,0.38,0.15,0.38,0.98,0.61,1.36,0.15,1.21,0.23,0.98,0.76,0.0
34,Leandro Antonetti,PUR,FW,Sevilla,21.0,0,0,0,0,0,0,0,,0,0,0,0,0,0,0,0,0.0,0.0,0.0,0.0,0.0,0.0,0.0,0.0,0.0,0.0,0.0,0.0,0.0,0.0,0.0
35,Antoniu,ESP,"FW,MF",Espanyol,21.0,21,10,9,8,4,9,21,42.9,12,14,2,12,8,29,11,1,1.84,0.88,0.79,0.7,0.35,0.79,1.84,1.05,1.23,0.18,1.05,0.7,2.54,0.96,0.09
36,Antony,BRA,FW,Betis,24.0,25,11,6,9,10,8,22,36.4,14,12,1,11,10,35,9,1,1.66,0.73,0.4,0.6,0.66,0.53,1.46,0.93,0.79,0.07,0.73,0.66,2.32,0.6,0.07
37,Anuar,MAR,"MF,FW",Valladolid,29.0,38,27,21,12,5,15,28,53.6,13,24,8,16,18,56,26,1,1.99,1.41,1.1,0.63,0.26,0.79,1.47,0.68,1.26,0.42,0.84,0.94,2.93,1.36,0.05
38,Aritz Arambarri,ESP,DF,Leganés,26.0,1,1,1,0,0,1,1,100.0,0,2,2,0,3,4,8,0,0.5,0.5,0.5,0.0,0.0,0.5,0.5,0.0,1.0,1.0,0.0,1.5,2.0,4.0,0.0
39,Mauro Arambarri,URU,MF,Getafe,28.0,48,29,10,33,5,22,48,45.8,26,35,6,29,15,63,46,0,1.62,0.98,0.34,1.11,0.17,0.74,1.62,0.88,1.18,0.2,0.98,0.51,2.13,1.55,0.0
40,Jon Aramburu,VEN,DF,Real Sociedad,22.0,102,70,61,30,11,66,100,66.0,34,40,8,32,30,132,98,0,3.74,2.56,2.23,1.1,0.4,2.42,3.66,1.25,1.47,0.29,1.17,1.1,4.84,3.59,0.0
41,Ronald Araújo,URU,DF,Barcelona,25.0,12,9,6,5,1,4,5,80.0,1,6,4,2,9,21,25,0,1.43,1.07,0.71,0.6,0.12,0.48,0.6,0.12,0.71,0.48,0.24,1.07,2.5,2.98,0.0
42,Adu Ares,ESP,FW,Athletic Club,22.0,0,0,0,0,0,0,1,0.0,1,0,0,0,0,0,0,0,0.0,0.0,0.0,0.0,0.0,0.0,5.0,5.0,0.0,0.0,0.0,0.0,0.0,0.0,0.0
43,Jesús Areso,ESP,DF,Osasuna,25.0,53,38,31,14,8,39,56,69.6,17,26,4,22,8,61,92,0,1.55,1.11,0.91,0.41,0.23,1.14,1.64,0.5,0.76,0.12,0.64,0.23,1.78,2.69,0.0
44,David Argüelles,ESP,MF,Getafe,22.0,0,0,0,0,0,0,0,,0,2,0,2,0,0,0,0,0.0,0.0,0.0,0.0,0.0,0.0,0.0,0.0,20.0,0.0,20.0,0.0,0.0,0.0,0.0
45,José Arnaiz,ESP,"FW,MF",Osasuna,29.0,7,5,3,3,1,4,7,57.1,3,2,0,2,5,12,1,0,4.67,3.33,2.0,2.0,0.67,2.67,4.67,2.0,1.33,0.0,1.33,3.33,8.0,0.67,0.0
46,Sergio Arribas,ESP,DF,Betis,21.0,7,4,4,3,0,6,7,85.7,1,2,2,0,3,10,4,0,7.0,4.0,4.0,3.0,0.0,6.0,7.0,1.0,2.0,2.0,0.0,3.0,10.0,4.0,0.0
47,Takuma Asano,JPN,"FW,MF",Mallorca,29.0,13,9,5,7,1,6,11,54.5,5,7,0,7,6,19,9,0,1.11,0.77,0.43,0.6,0.09,0.51,0.94,0.43,0.6,0.0,0.6,0.51,1.62,0.77,0.0
48,Raúl Asencio,ESP,DF,Real Madrid,21.0,22,16,18,4,0,10,13,76.9,3,11,6,5,16,38,88,2,1.18,0.86,0.97,0.22,0.0,0.54,0.7,0.16,0.59,0.32,0.27,0.86,2.04,4.73,0.11
49,Iago Aspas,ESP,"FW,MF",Celta Vigo,36.0,13,8,4,5,4,8,20,40.0,12,18,1,17,8,21,5,0,0.67,0.41,0.21,0.26,0.21,0.41,1.03,0.62,0.93,0.05,0.88,0.41,1.08,0.26,0.0
50,Yaser Asprilla,COL,"FW,MF",Girona,20.0,22,12,6,8,8,8,23,34.8,15,14,0,14,7,29,7,1,1.41,0.77,0.38,0.51,0.51,0.51,1.47,0.96,0.9,0.0,0.9,0.45,1.86,0.45,0.06
51,Ezequiel Ávila,ARG,FW,Betis,30.0,8,3,2,2,4,4,10,40.0,6,4,0,4,2,10,8,0,1.07,0.4,0.27,0.27,0.53,0.53,1.33,0.8,0.53,0.0,0.53,0.27,1.33,1.07,0.0
52,Adam Aznou,MAR,DF,Valladolid,18.0,28,21,20,8,0,21,43,48.8,22,24,8,16,10,38,30,0,2.89,2.16,2.06,0.82,0.0,2.16,4.43,2.27,2.47,0.82,1.65,1.03,3.92,3.09,0.0
53,César Azpilicueta,ESP,DF,Atlético Madrid,34.0,25,14,12,9,4,17,23,73.9,6,10,2,8,5,30,32,0,2.58,1.44,1.24,0.93,0.41,1.75,2.37,0.62,1.03,0.21,0.82,0.52,3.09,3.3,0.0
54,Papa Ba,ESP,MF,Girona,19.0,1,1,1,0,0,0,0,,0,1,0,1,0,1,1,0,2.0,2.0,2.0,0.0,0.0,0.0,0.0,0.0,2.0,0.0,2.0,0.0,2.0,2.0,0.0
55,Loïc Bade,FRA,DF,Sevilla,24.0,47,27,37,10,0,23,31,74.2,8,22,13,9,29,76,162,2,1.58,0.91,1.24,0.34,0.0,0.77,1.04,0.27,0.74,0.44,0.3,0.97,2.55,5.44,0.07
56,Alex Baena,ESP,"MF,FW",Villarreal,23.0,28,15,6,14,8,10,39,25.6,29,29,2,27,22,50,22,2,0.97,0.52,0.21,0.49,0.28,0.35,1.35,1.01,1.01,0.07,0.94,0.76,1.74,0.76,0.07
57,Juma Bah,SLE,DF,Valladolid,18.0,10,7,7,3,0,3,5,60.0,2,15,8,7,12,22,60,0,1.04,0.73,0.73,0.31,0.0,0.31,0.52,0.21,1.56,0.83,0.73,1.25,2.29,6.25,0.0
58,Eric Bailly,CIV,DF,Villarreal,30.0,12,4,6,6,0,3,4,75.0,1,12,6,6,6,18,29,0,1.74,0.58,0.87,0.87,0.0,0.43,0.58,0.14,1.74,0.87,0.87,0.87,2.61,4.2,0.0
59,Stefan Bajcetic,ESP,"MF,DF",Las Palmas,19.0,29,14,13,13,3,12,28,42.9,16,25,4,21,15,44,26,1,2.69,1.3,1.2,1.2,0.28,1.11,2.59,1.48,2.31,0.37,1.94,1.39,4.07,2.41,0.09
60,Cédric Bakambu,COD,FW,Betis,33.0,6,4,0,5,1,3,7,42.9,4,13,2,11,0,6,5,0,0.76,0.51,0.0,0.63,0.13,0.38,0.89,0.51,1.65,0.25,1.39,0.0,0.76,0.63,0.0
61,Alejandro Balde,ESP,DF,Barcelona,20.0,18,10,10,5,3,11,17,64.7,6,24,5,19,5,23,27,0,0.71,0.39,0.39,0.2,0.12,0.43,0.67,0.24,0.94,0.2,0.75,0.2,0.91,1.06,0.0
62,Iván Balliu,ALB,DF,Rayo Vallecano,32.0,17,14,8,5,4,6,18,33.3,12,16,4,12,13,30,39,0,1.28,1.05,0.6,0.38,0.3,0.45,1.35,0.9,1.2,0.3,0.9,0.98,2.26,2.93,0.0
63,Jonathan Bamba,CIV,"FW,MF",Celta Vigo,28.0,12,7,4,6,2,5,12,41.7,7,6,0,6,5,17,6,0,1.33,0.78,0.44,0.67,0.22,0.56,1.33,0.78,0.67,0.0,0.67,0.56,1.89,0.67,0.0
64,Adrian Baquerin,ESP,FW,Valladolid,17.0,1,1,0,1,0,0,0,,0,0,0,0,0,1,1,0,2.0,2.0,0.0,2.0,0.0,0.0,0.0,0.0,0.0,0.0,0.0,0.0,2.0,2.0,0.0
65,Valentín Barco,ARG,"DF,FW",Sevilla,20.0,15,9,8,3,4,12,15,80.0,3,0,0,0,2,17,5,0,4.69,2.81,2.5,0.94,1.25,3.75,4.69,0.94,0.0,0.0,0.0,0.63,5.31,1.56,0.0
66,Borna Barišić,CRO,DF,Leganés,31.0,0,0,0,0,0,0,0,,0,0,0,0,0,0,0,0,0.0,0.0,0.0,0.0,0.0,0.0,0.0,0.0,0.0,0.0,0.0,0.0,0.0,0.0,0.0
67,Kike Barja,ESP,"FW,MF",Osasuna,27.0,5,4,1,3,1,2,4,50.0,2,5,0,5,3,8,4,0,1.43,1.14,0.29,0.86,0.29,0.57,1.14,0.57,1.43,0.0,1.43,0.86,2.29,1.14,0.0
68,Enzo Barrenechea,ARG,MF,Valencia,23.0,57,30,22,29,6,32,46,69.6,14,30,8,22,28,85,48,1,2.35,1.23,0.91,1.19,0.25,1.32,1.89,0.58,1.23,0.33,0.91,1.15,3.5,1.98,0.04
69,Ander Barrenetxea,ESP,"MF,FW",Real Sociedad,22.0,26,19,7,14,5,6,23,26.1,17,15,0,15,11,37,16,1,1.86,1.36,0.5,1.0,0.36,0.43,1.64,1.21,1.07,0.0,1.07,0.79,2.64,1.14,0.07
70,Pablo Barrios,ESP,MF,Atlético Madrid,21.0,46,26,23,20,3,23,47,48.9,24,18,5,13,34,80,33,9,1.78,1.0,0.89,0.77,0.12,0.89,1.81,0.93,0.69,0.19,0.5,1.31,3.09,1.27,0.35
71,Thierno Barry,FRA,FW,Villarreal,21.0,11,8,2,5,4,4,10,40.0,6,15,2,13,0,11,19,0,0.43,0.31,0.08,0.19,0.16,0.16,0.39,0.23,0.58,0.08,0.5,0.0,0.43,0.74,0.0
72,Marc Bartra,ESP,DF,Betis,33.0,33,19,20,13,0,15,26,57.7,11,41,25,16,33,66,148,0,1.42,0.82,0.86,0.56,0.0,0.64,1.12,0.47,1.76,1.07,0.69,1.42,2.83,6.35,0.0
73,Aboubacar Bassinga,CIV,MF,Las Palmas,19.0,0,0,0,0,0,0,0,,0,0,0,0,0,0,0,0,0.0,0.0,0.0,0.0,0.0,0.0,0.0,0.0,0.0,0.0,0.0,0.0,0.0,0.0,0.0
74,Augusto Batalla,ARG,GK,Rayo Vallecano,28.0,4,2,4,0,0,4,6,66.7,2,0,0,0,0,4,15,4,0.13,0.06,0.13,0.0,0.0,0.13,0.19,0.06,0.0,0.0,0.0,0.0,0.13,0.47,0.13
75,Rafael Bauza,ESP,MF,Espanyol,19.0,5,3,3,1,1,4,7,57.1,3,3,1,2,0,5,5,0,2.5,1.5,1.5,0.5,0.5,2.0,3.5,1.5,1.5,0.5,1.0,0.0,2.5,2.5,0.0
76,Sheraldo Becker,SUR,"FW,MF",Real Sociedad,29.0,3,2,0,3,0,0,2,0.0,2,4,0,4,1,4,10,0,0.27,0.18,0.0,0.27,0.0,0.0,0.18,0.18,0.36,0.0,0.36,0.09,0.36,0.9,0.0
77,Donny van de Beek,NED,MF,Girona,27.0,29,18,17,7,5,13,26,50.0,13,19,3,16,10,39,12,0,1.84,1.14,1.08,0.44,0.32,0.82,1.65,0.82,1.2,0.19,1.01,0.63,2.47,0.76,0.0
78,Luken Beitia,ESP,DF,Real Sociedad,20.0,1,1,1,0,0,1,1,100.0,0,0,0,0,0,1,2,0,10.0,10.0,10.0,0.0,0.0,10.0,10.0,0.0,0.0,0.0,0.0,0.0,10.0,20.0,0.0
79,Ismael Bekhoucha,MAR,"MF,DF",Getafe,19.0,1,1,1,0,0,1,2,50.0,1,2,1,1,2,3,2,0,1.25,1.25,1.25,0.0,0.0,1.25,2.5,1.25,2.5,1.25,1.25,2.5,3.75,2.5,0.0
80,Héctor Bellerín,ESP,DF,Betis,29.0,13,7,7,4,2,10,17,58.8,7,5,3,2,6,19,21,0,2.03,1.09,1.09,0.63,0.31,1.56,2.66,1.09,0.78,0.47,0.31,0.94,2.97,3.28,0.0
81,Jude Bellingham,ENG,MF,Real Madrid,21.0,61,33,20,27,14,28,42,66.7,14,37,2,35,28,89,23,1,2.21,1.2,0.72,0.98,0.51,1.01,1.52,0.51,1.34,0.07,1.27,1.01,3.22,0.83,0.04
82,Fran Beltrán,ESP,MF,Celta Vigo,25.0,50,35,24,21,5,24,56,42.9,32,26,6,20,26,76,34,4,1.86,1.3,0.89,0.78,0.19,0.89,2.08,1.19,0.97,0.22,0.74,0.97,2.83,1.26,0.15
83,Carlos Benavídez,URU,MF,Alavés,26.0,19,14,10,6,3,6,11,54.5,5,5,2,3,8,27,14,1,3.52,2.59,1.85,1.11,0.56,1.11,2.04,0.93,0.93,0.37,0.56,1.48,5.0,2.59,0.19
84,Iker Benito,ESP,"FW,MF",Osasuna,21.0,0,0,0,0,0,0,1,0.0,1,0,0,0,1,1,2,0,0.0,0.0,0.0,0.0,0.0,0.0,2.5,2.5,0.0,0.0,0.0,2.5,2.5,5.0,0.0
85,Yuri Berchiche,ESP,DF,Athletic Club,34.0,33,21,19,11,3,19,33,57.6,14,25,5,20,27,60,72,3,1.45,0.93,0.84,0.48,0.13,0.84,1.45,0.62,1.1,0.22,0.88,1.19,2.64,3.17,0.13
86,Álex Berenguer,ESP,"FW,MF",Athletic Club,29.0,32,16,6,16,10,14,31,45.2,17,23,2,21,10,42,18,0,1.23,0.62,0.23,0.62,0.38,0.54,1.19,0.65,0.88,0.08,0.81,0.38,1.62,0.69,0.0
87,Marc Bernal,ESP,MF,Barcelona,17.0,8,6,2,5,1,7,8,87.5,1,5,1,4,1,9,4,0,2.96,2.22,0.74,1.85,0.37,2.59,2.96,0.37,1.85,0.37,1.48,0.37,3.33,1.48,0.0
88,Juan Bernat,ESP,"DF,MF",Villarreal,31.0,9,7,7,1,1,4,5,80.0,1,3,1,2,1,10,4,0,3.75,2.92,2.92,0.42,0.42,1.67,2.08,0.42,1.25,0.42,0.83,0.42,4.17,1.67,0.0
89,Juan Bernat,ESP,"MF,DF",Getafe,31.0,19,13,9,5,5,7,12,58.3,5,9,3,6,2,21,12,0,2.44,1.67,1.15,0.64,0.64,0.9,1.54,0.64,1.15,0.38,0.77,0.26,2.69,1.54,0.0
90,Juan Berrocal,ESP,DF,Getafe,25.0,14,7,10,4,0,10,14,71.4,4,6,3,3,15,29,59,0,1.19,0.59,0.85,0.34,0.0,0.85,1.19,0.34,0.51,0.25,0.25,1.27,2.46,5.0,0.0
91,Antonio Blanco,ESP,MF,Alavés,24.0,67,40,23,37,7,32,83,38.6,51,30,7,23,42,109,48,1,2.21,1.32,0.76,1.22,0.23,1.06,2.74,1.68,0.99,0.23,0.76,1.39,3.6,1.58,0.03
92,Daley Blind,NED,DF,Girona,34.0,49,27,26,19,4,31,48,64.6,17,32,9,23,32,81,94,2,1.59,0.87,0.84,0.61,0.13,1.0,1.55,0.55,1.04,0.29,0.74,1.04,2.62,3.04,0.06
93,Adama Boiro,ESP,"DF,FW",Athletic Club,22.0,20,11,11,7,2,10,15,66.7,5,10,3,7,12,32,27,1,1.64,0.9,0.9,0.57,0.16,0.82,1.23,0.41,0.82,0.25,0.57,0.98,2.62,2.21,0.08
94,Enzo Boyomo,CMR,DF,Osasuna,22.0,68,43,46,18,4,30,39,76.9,9,34,19,15,44,112,137,3,2.05,1.3,1.39,0.54,0.12,0.9,1.17,0.27,1.02,0.57,0.45,1.33,3.37,4.13,0.09
95,Enzo Boyomo,CMR,DF,Valladolid,22.0,6,2,4,2,0,3,3,100.0,0,4,3,1,1,7,7,0,2.0,0.67,1.33,0.67,0.0,1.0,1.0,0.0,1.33,1.0,0.33,0.33,2.33,2.33,0.0
96,Darko Brašanac,SRB,MF,Leganés,32.0,26,11,5,15,6,9,17,52.9,8,24,11,13,16,42,34,0,1.44,0.61,0.28,0.83,0.33,0.5,0.94,0.44,1.33,0.61,0.72,0.89,2.33,1.89,0.0
97,Tajon Buchanan,CAN,MF,Villarreal,25.0,10,5,6,4,0,6,9,66.7,3,6,0,6,1,11,1,0,2.17,1.09,1.3,0.87,0.0,1.3,1.96,0.65,1.3,0.0,1.3,0.22,2.39,0.22,0.0
98,Ante Budimir,CRO,FW,Osasuna,33.0,20,9,3,11,6,3,13,23.1,10,19,4,15,2,22,26,0,0.61,0.27,0.09,0.34,0.18,0.09,0.4,0.3,0.58,0.12,0.46,0.06,0.67,0.79,0.0
99,Manu Bueno,ESP,"MF,FW",Sevilla,20.0,4,3,0,1,3,1,2,50.0,1,0,0,0,0,4,2,0,2.5,1.88,0.0,0.63,1.88,0.63,1.25,0.63,0.0,0.0,0.0,0.0,2.5,1.25,0.0
100,Endika Buján,ESP,FW,Athletic Club,21.0,0,0,0,0,0,0,1,0.0,1,0,0,0,0,0,0,0,0.0,0.0,0.0,0.0,0.0,0.0,10.0,10.0,0.0,0.0,0.0,0.0,0.0,0.0,0.0
101,Pau Cabanes,ESP,"MF,FW",Villarreal,19.0,4,4,0,3,1,3,4,75.0,1,5,0,5,3,7,2,1,2.22,2.22,0.0,1.67,0.56,1.67,2.22,0.56,2.78,0.0,2.78,1.67,3.89,1.11,0.56
102,Pau Cabanes,ESP,"MF,FW",Alavés,19.0,8,2,4,3,1,6,13,46.2,7,2,0,2,0,8,1,0,3.81,0.95,1.9,1.43,0.48,2.86,6.19,3.33,0.95,0.0,0.95,0.0,3.81,0.48,0.0
103,Leandro Cabrera,URU,DF,Espanyol,33.0,40,23,29,8,3,19,33,57.6,14,35,25,10,30,70,199,2,1.25,0.72,0.91,0.25,0.09,0.6,1.03,0.44,1.1,0.78,0.31,0.94,2.19,6.24,0.06
104,Fernando Calero,ESP,"DF,MF",Espanyol,28.0,18,10,13,4,1,8,12,66.7,4,16,9,7,16,34,50,1,2.28,1.27,1.65,0.51,0.13,1.01,1.52,0.51,2.03,1.14,0.89,2.03,4.3,6.33,0.13
105,Eduardo Camavinga,FRA,"MF,DF",Real Madrid,21.0,42,26,23,16,3,19,33,57.6,14,24,8,16,18,60,23,0,3.44,2.13,1.89,1.31,0.25,1.56,2.7,1.15,1.97,0.66,1.31,1.48,4.92,1.89,0.0
106,Sergio Camello,ESP,FW,Rayo Vallecano,23.0,9,3,2,5,2,4,6,66.7,2,8,1,7,4,13,16,0,0.71,0.24,0.16,0.4,0.16,0.32,0.48,0.16,0.63,0.08,0.56,0.32,1.03,1.27,0.0
107,José Campaña,ESP,MF,Las Palmas,31.0,21,16,8,11,2,11,20,55.0,9,9,1,8,19,40,19,2,1.59,1.21,0.61,0.83,0.15,0.83,1.52,0.68,0.68,0.08,0.61,1.44,3.03,1.44,0.15
108,Peio Canales,ESP,"MF,FW",Athletic Club,19.0,3,2,0,1,2,1,1,100.0,0,3,0,3,2,5,2,0,1.03,0.69,0.0,0.34,0.69,0.34,0.34,0.0,1.03,0.0,1.03,0.69,1.72,0.69,0.0
109,Antonio Candela,ITA,DF,Valladolid,24.0,9,6,6,2,1,4,11,36.4,7,11,6,5,6,15,33,0,0.89,0.59,0.59,0.2,0.1,0.4,1.09,0.69,1.09,0.59,0.5,0.59,1.49,3.27,0.0
110,Sergi Canós,ESP,"MF,FW",Valencia,27.0,11,7,3,4,4,4,10,40.0,6,6,1,5,5,16,5,0,2.68,1.71,0.73,0.98,0.98,0.98,2.44,1.46,1.46,0.24,1.22,1.22,3.9,1.22,0.0
111,Dani Cárdenas,ESP,GK,Rayo Vallecano,27.0,0,0,0,0,0,0,0,,0,0,0,0,0,0,3,0,0.0,0.0,0.0,0.0,0.0,0.0,0.0,0.0,0.0,0.0,0.0,0.0,0.0,0.5,0.0
112,Irvin Cardona,FRA,"FW,MF",Espanyol,26.0,8,5,2,4,2,6,16,37.5,10,5,1,4,4,12,10,0,1.19,0.75,0.3,0.6,0.3,0.9,2.39,1.49,0.75,0.15,0.6,0.6,1.79,1.49,0.0
113,Marc Cardona,ESP,"FW,DF",Las Palmas,29.0,4,2,1,3,0,0,1,0.0,1,0,0,0,0,4,0,0,2.67,1.33,0.67,2.0,0.0,0.0,0.67,0.67,0.0,0.0,0.0,0.0,2.67,0.0,0.0
114,Sergi Cardona,ESP,DF,Villarreal,25.0,71,48,44,20,7,49,79,62.0,30,52,7,45,40,111,122,1,2.17,1.47,1.35,0.61,0.21,1.5,2.42,0.92,1.59,0.21,1.38,1.22,3.39,3.73,0.03
115,Johnny Cardoso,USA,MF,Betis,22.0,55,31,12,35,8,20,52,38.5,32,27,12,15,48,103,64,1,2.31,1.3,0.5,1.47,0.34,0.84,2.18,1.34,1.13,0.5,0.63,2.02,4.33,2.69,0.04
116,José Carlos González,ESP,DF,Las Palmas,18.0,0,0,0,0,0,0,0,,0,0,0,0,0,0,0,0,0.0,0.0,0.0,0.0,0.0,0.0,0.0,0.0,0.0,0.0,0.0,0.0,0.0,0.0,0.0
117,Carmona,ESP,DF,Sevilla,22.0,83,59,53,21,9,41,77,53.2,36,37,11,26,68,151,92,3,2.54,1.8,1.62,0.64,0.28,1.25,2.35,1.1,1.13,0.34,0.8,2.08,4.62,2.81,0.09
118,Sergio Carreira,ESP,"MF,DF",Celta Vigo,23.0,28,16,16,6,6,14,26,53.8,12,20,2,18,17,45,37,0,1.52,0.87,0.87,0.33,0.33,0.76,1.41,0.65,1.09,0.11,0.98,0.92,2.45,2.01,0.0
119,Dani Carvajal,ESP,DF,Real Madrid,32.0,12,8,7,3,2,9,12,75.0,3,8,3,5,10,22,19,1,1.76,1.18,1.03,0.44,0.29,1.32,1.76,0.44,1.18,0.44,0.74,1.47,3.24,2.79,0.15
120,William Carvalho,POR,MF,Betis,32.0,9,6,3,6,0,4,6,66.7,2,6,2,4,3,12,6,0,1.67,1.11,0.56,1.11,0.0,0.74,1.11,0.37,1.11,0.37,0.74,0.56,2.22,1.11,0.0
121,Marc Casado,ESP,MF,Barcelona,20.0,44,25,7,30,7,20,41,48.8,21,20,5,15,22,66,22,1,2.46,1.4,0.39,1.68,0.39,1.12,2.29,1.17,1.12,0.28,0.84,1.23,3.69,1.23,0.06
122,Catena,ESP,DF,Osasuna,29.0,46,28,34,10,2,27,44,61.4,17,40,25,15,35,81,221,2,1.35,0.82,0.99,0.29,0.06,0.79,1.29,0.5,1.17,0.73,0.44,1.02,2.37,6.46,0.06
123,Maximiliano Caufriez,BEL,DF,Valencia,27.0,1,1,1,0,0,1,1,100.0,0,2,1,1,1,2,4,0,1.0,1.0,1.0,0.0,0.0,1.0,1.0,0.0,2.0,1.0,1.0,1.0,2.0,4.0,0.0
124,Dani Ceballos,ESP,MF,Real Madrid,27.0,41,21,17,18,6,20,40,50.0,20,16,4,12,14,55,10,2,3.04,1.56,1.26,1.33,0.44,1.48,2.96,1.48,1.19,0.3,0.89,1.04,4.07,0.74,0.15
125,Franco Cervi,ARG,"FW,MF",Celta Vigo,30.0,8,3,2,6,0,3,8,37.5,5,4,0,4,8,16,7,0,2.67,1.0,0.67,2.0,0.0,1.0,2.67,1.67,1.33,0.0,1.33,2.67,5.33,2.33,0.0
126,Raúl Chasco,ESP,DF,Valladolid,20.0,4,1,3,1,0,2,4,50.0,2,1,0,1,2,6,2,0,2.86,0.71,2.14,0.71,0.0,1.43,2.86,1.43,0.71,0.0,0.71,1.43,4.29,1.43,0.0
127,Pep Chavarría,ESP,"DF,FW",Rayo Vallecano,26.0,46,36,30,14,2,28,45,62.2,17,35,9,26,30,76,108,1,1.6,1.25,1.05,0.49,0.07,0.98,1.57,0.59,1.22,0.31,0.91,1.05,2.65,3.76,0.03
128,Walid Cheddira,MAR,FW,Espanyol,26.0,5,0,1,1,3,0,1,0.0,1,4,0,4,1,6,6,0,0.7,0.0,0.14,0.14,0.42,0.0,0.14,0.14,0.56,0.0,0.56,0.14,0.85,0.85,0.0
129,Chema,ESP,MF,Real Madrid,19.0,0,0,0,0,0,0,0,,0,0,0,0,0,0,1,0,0.0,0.0,0.0,0.0,0.0,0.0,0.0,0.0,0.0,0.0,0.0,0.0,0.0,10.0,0.0
130,Julián Chicco,ARG,"MF,DF",Leganés,26.0,11,7,3,6,2,5,8,62.5,3,2,0,2,4,15,10,0,3.24,2.06,0.88,1.76,0.59,1.47,2.35,0.88,0.59,0.0,0.59,1.18,4.41,2.94,0.0
131,Chiquinho,POR,"MF,FW",Mallorca,24.0,1,0,0,1,0,0,7,0.0,7,3,0,3,2,3,0,0,0.63,0.0,0.0,0.63,0.0,0.0,4.38,4.38,1.88,0.0,1.88,1.25,1.88,0.0,0.0
132,Andreas Christensen,DEN,DF,Barcelona,28.0,6,4,4,1,1,4,4,100.0,0,2,0,2,4,10,9,0,2.14,1.43,1.43,0.36,0.36,1.43,1.43,0.0,0.71,0.0,0.71,1.43,3.57,3.21,0.0
133,Jasper Cillessen,NED,GK,Las Palmas,35.0,1,0,1,0,0,1,4,25.0,3,0,0,0,0,1,11,2,0.04,0.0,0.04,0.0,0.0,0.04,0.15,0.12,0.0,0.0,0.0,0.0,0.04,0.42,0.08
134,Pathé Ciss,SEN,"MF,DF",Rayo Vallecano,30.0,49,24,26,22,1,20,41,48.8,21,31,10,21,40,89,61,3,2.06,1.01,1.09,0.92,0.04,0.84,1.72,0.88,1.3,0.42,0.88,1.68,3.74,2.56,0.13
135,Seydouba Cissé,GUI,MF,Leganés,23.0,59,37,18,27,14,23,50,46.0,27,25,1,24,12,71,45,1,2.18,1.37,0.66,1.0,0.52,0.85,1.85,1.0,0.92,0.04,0.89,0.44,2.62,1.66,0.04
136,Silvi Clúa,ESP,MF,Girona,19.0,8,7,4,3,1,4,6,66.7,2,1,0,1,2,10,6,0,4.44,3.89,2.22,1.67,0.56,2.22,3.33,1.11,0.56,0.0,0.56,1.11,5.56,3.33,0.0
137,Eray Cömert,SUI,"DF,MF",Valladolid,26.0,24,14,15,9,0,12,21,57.1,9,28,15,13,24,48,75,2,1.21,0.71,0.76,0.45,0.0,0.61,1.06,0.45,1.41,0.76,0.66,1.21,2.42,3.79,0.1
138,Santi Comesaña,ESP,MF,Villarreal,27.0,85,49,44,32,9,42,76,55.3,34,56,22,34,19,104,56,1,2.99,1.73,1.55,1.13,0.32,1.48,2.68,1.2,1.97,0.77,1.2,0.67,3.66,1.97,0.04
139,Diego Conde,ESP,GK,Villarreal,25.0,2,2,2,0,0,2,4,50.0,2,0,0,0,1,3,9,2,0.09,0.09,0.09,0.0,0.0,0.09,0.18,0.09,0.0,0.0,0.0,0.05,0.14,0.41,0.09
140,Tomás Conechny,ARG,"FW,MF",Alavés,26.0,15,12,6,7,2,9,27,33.3,18,14,2,12,6,21,10,0,1.6,1.28,0.64,0.74,0.21,0.96,2.87,1.91,1.49,0.21,1.28,0.64,2.23,1.06,0.0
141,Copete,ESP,DF,Mallorca,24.0,29,17,18,10,1,11,12,91.7,1,24,16,8,17,46,123,2,1.71,1.0,1.06,0.59,0.06,0.65,0.71,0.06,1.41,0.94,0.47,1.0,2.71,7.24,0.12
142,Iker Córdoba,ESP,DF,Valencia,18.0,0,0,0,0,0,0,0,,0,0,0,0,0,0,1,0,0.0,0.0,0.0,0.0,0.0,0.0,0.0,0.0,0.0,0.0,0.0,0.0,0.0,5.0,0.0
143,Ángel Correa,ARG,"FW,MF",Atlético Madrid,29.0,9,3,4,1,4,5,15,33.3,10,10,0,10,4,13,8,0,1.01,0.34,0.45,0.11,0.45,0.56,1.69,1.12,1.12,0.0,1.12,0.45,1.46,0.9,0.0
144,Thierry Correia,POR,DF,Valencia,25.0,27,18,19,5,3,13,23,56.5,10,10,1,9,4,31,18,0,3.18,2.12,2.24,0.59,0.35,1.53,2.71,1.18,1.18,0.12,1.06,0.47,3.65,2.12,0.0
145,Coba da Costa,ESP,"MF,FW",Getafe,22.0,29,13,9,16,4,13,26,50.0,13,24,0,24,8,37,10,0,2.59,1.16,0.8,1.43,0.36,1.16,2.32,1.16,2.14,0.0,2.14,0.71,3.3,0.89,0.0
146,Logan Costa,CPV,DF,Villarreal,23.0,38,21,25,12,1,24,29,82.8,5,25,14,11,21,59,115,2,1.32,0.73,0.87,0.42,0.03,0.84,1.01,0.17,0.87,0.49,0.38,0.73,2.06,4.01,0.07
147,Samu Costa,POR,MF,Mallorca,23.0,90,44,45,42,3,35,79,44.3,44,48,15,33,32,122,85,1,3.06,1.5,1.53,1.43,0.1,1.19,2.69,1.5,1.63,0.51,1.12,1.09,4.15,2.89,0.03
148,Thibaut Courtois,BEL,GK,Real Madrid,32.0,0,0,0,0,0,0,0,,0,0,0,0,1,1,15,1,0.0,0.0,0.0,0.0,0.0,0.0,0.0,0.0,0.0,0.0,0.0,0.03,0.03,0.5,0.03
149,Juan Cruz Armada,ESP,DF,Osasuna,32.0,26,14,11,13,2,15,24,62.5,9,15,4,11,9,35,68,0,1.57,0.84,0.66,0.78,0.12,0.9,1.45,0.54,0.9,0.24,0.66,0.54,2.11,4.1,0.0
150,Juan Cruz,ESP,"FW,MF",Leganés,24.0,32,19,14,16,2,17,35,48.6,18,18,2,16,13,45,31,0,1.27,0.76,0.56,0.64,0.08,0.68,1.39,0.72,0.72,0.08,0.64,0.52,1.79,1.24,0.0
151,Pau Cubarsí,ESP,DF,Barcelona,17.0,34,23,21,10,3,19,30,63.3,11,12,9,3,16,50,86,1,1.17,0.79,0.72,0.34,0.1,0.65,1.03,0.38,0.41,0.31,0.1,0.55,1.72,2.96,0.03
152,Cucho,COL,FW,Betis,25.0,15,10,2,5,8,6,11,54.5,5,13,1,12,7,22,4,0,1.18,0.79,0.16,0.39,0.63,0.47,0.87,0.39,1.02,0.08,0.94,0.55,1.73,0.31,0.0
153,Arnaut Danjuma,NED,FW,Villarreal,27.0,2,1,0,1,1,0,1,0.0,1,1,0,1,0,2,0,0,0.91,0.45,0.0,0.45,0.45,0.0,0.45,0.45,0.45,0.0,0.45,0.0,0.91,0.0,0.0
154,Arnaut Danjuma,NED,"FW,MF",Girona,27.0,8,6,3,3,2,2,7,28.6,5,5,1,4,2,10,4,0,0.54,0.41,0.2,0.2,0.14,0.14,0.47,0.34,0.34,0.07,0.27,0.14,0.68,0.27,0.0
155,Sergi Darder,ESP,"MF,FW",Mallorca,30.0,40,26,15,16,9,17,46,37.0,29,19,1,18,16,56,23,1,1.31,0.85,0.49,0.52,0.3,0.56,1.51,0.95,0.62,0.03,0.59,0.52,1.84,0.75,0.03
156,Rodrigo De Paul,ARG,MF,Atlético Madrid,30.0,33,26,12,16,5,14,33,42.4,19,25,2,23,6,39,15,3,1.41,1.11,0.51,0.68,0.21,0.6,1.41,0.81,1.07,0.09,0.98,0.26,1.67,0.64,0.13
157,Mouctar Diakhaby,GUI,DF,Valencia,27.0,8,3,8,0,0,4,6,66.7,2,8,6,2,11,19,56,0,1.1,0.41,1.1,0.0,0.0,0.55,0.82,0.27,1.1,0.82,0.27,1.51,2.6,7.67,0.0
158,Assane Diao,SEN,FW,Betis,18.0,5,3,1,3,1,4,9,44.4,5,3,0,3,0,5,3,0,1.61,0.97,0.32,0.97,0.32,1.29,2.9,1.61,0.97,0.0,0.97,0.0,1.61,0.97,0.0
159,Moussa Diarra,MLI,DF,Alavés,23.0,40,24,19,18,3,17,29,58.6,12,15,5,10,21,61,46,1,1.93,1.16,0.92,0.87,0.14,0.82,1.4,0.58,0.72,0.24,0.48,1.01,2.95,2.22,0.05
160,Brahim Díaz,MAR,"FW,MF",Real Madrid,24.0,25,19,9,13,3,7,19,36.8,12,16,1,15,4,29,2,1,1.62,1.23,0.58,0.84,0.19,0.45,1.23,0.78,1.04,0.06,0.97,0.26,1.88,0.13,0.06
161,Daniel Díaz,ESP,MF,Real Sociedad,18.0,1,1,1,0,0,0,0,,0,1,0,1,0,1,0,0,10.0,10.0,10.0,0.0,0.0,0.0,0.0,0.0,10.0,0.0,10.0,0.0,10.0,0.0,0.0
162,Pedro Díaz,ESP,MF,Rayo Vallecano,26.0,23,15,7,14,2,14,41,34.1,27,16,0,16,7,30,7,1,1.7,1.11,0.52,1.04,0.15,1.04,3.04,2.0,1.19,0.0,1.19,0.52,2.22,0.52,0.07
163,Diego,ESP,FW,Leganés,24.0,1,1,0,0,1,1,7,14.3,6,4,1,3,2,3,11,0,0.08,0.08,0.0,0.0,0.08,0.08,0.53,0.45,0.3,0.08,0.23,0.15,0.23,0.83,0.0
164,Stole Dimitrievski,MKD,GK,Valencia,30.0,0,0,0,0,0,0,0,,0,0,0,0,0,0,3,1,0.0,0.0,0.0,0.0,0.0,0.0,0.0,0.0,0.0,0.0,0.0,0.0,0.0,0.75,0.25
165,Yan Diomandé,CIV,"MF,FW",Leganés,17.0,14,9,1,8,5,5,15,33.3,10,8,0,8,8,22,6,0,2.3,1.48,0.16,1.31,0.82,0.82,2.46,1.64,1.31,0.0,1.31,1.31,3.61,0.98,0.0
166,Álvaro djaló,ESP,FW,Athletic Club,24.0,8,5,3,2,3,1,3,33.3,2,4,0,4,1,9,4,0,1.1,0.68,0.41,0.27,0.41,0.14,0.41,0.27,0.55,0.0,0.55,0.14,1.23,0.55,0.0
167,Djené,TOG,"DF,MF",Getafe,32.0,25,13,12,11,2,12,32,37.5,20,18,8,10,21,46,107,3,0.88,0.46,0.42,0.39,0.07,0.42,1.13,0.71,0.64,0.28,0.35,0.74,1.63,3.78,0.11
168,Marko Dmitrović,SRB,GK,Leganés,32.0,1,1,1,0,0,1,2,50.0,1,0,0,0,0,1,27,3,0.03,0.03,0.03,0.0,0.0,0.03,0.06,0.03,0.0,0.0,0.0,0.0,0.03,0.84,0.09
169,Marc Domenech,ESP,"FW,MF",Mallorca,18.0,4,4,2,1,1,2,5,40.0,3,2,0,2,0,4,2,0,1.18,1.18,0.59,0.29,0.29,0.59,1.47,0.88,0.59,0.0,0.59,0.0,1.18,0.59,0.0
170,Carlos Dominguez,ESP,DF,Celta Vigo,23.0,23,11,14,9,0,15,21,71.4,6,16,11,5,13,36,80,1,1.76,0.84,1.07,0.69,0.0,1.15,1.6,0.46,1.22,0.84,0.38,0.99,2.75,6.11,0.08
171,Israel Domínguez,ESP,FW,Sevilla,21.0,0,0,0,0,0,0,0,,0,0,0,0,0,0,0,0,0.0,0.0,0.0,0.0,0.0,0.0,0.0,0.0,0.0,0.0,0.0,0.0,0.0,0.0,0.0
172,Sergi Dominguez,ESP,DF,Barcelona,19.0,1,1,1,0,0,0,0,,0,0,0,0,3,4,7,0,0.53,0.53,0.53,0.0,0.0,0.0,0.0,0.0,0.0,0.0,0.0,1.58,2.11,3.68,0.0
173,Anastasios Douvikas,GRE,FW,Celta Vigo,24.0,9,4,2,6,1,3,6,50.0,3,5,2,3,3,12,6,0,1.15,0.51,0.26,0.77,0.13,0.38,0.77,0.38,0.64,0.26,0.38,0.38,1.54,0.77,0.0
174,Domingos Duarte,POR,DF,Getafe,29.0,28,15,22,4,2,17,21,81.0,4,28,16,12,18,46,152,1,1.35,0.72,1.06,0.19,0.1,0.82,1.01,0.19,1.35,0.77,0.58,0.87,2.22,7.34,0.05
175,Duk,CPV,"MF,FW",Leganés,24.0,8,4,3,3,2,3,5,60.0,2,4,0,4,1,9,2,0,4.0,2.0,1.5,1.5,1.0,1.5,2.5,1.0,2.0,0.0,2.0,0.5,4.5,1.0,0.0
176,Pablo Durán,ESP,"FW,MF",Celta Vigo,23.0,17,9,4,7,6,5,16,31.3,11,12,3,9,8,25,18,0,1.1,0.58,0.26,0.45,0.39,0.32,1.03,0.71,0.77,0.19,0.58,0.52,1.61,1.16,0.0
177,Hugo Duro,ESP,FW,Valencia,24.0,13,8,4,7,2,5,13,38.5,8,11,2,9,10,23,11,0,0.54,0.33,0.17,0.29,0.08,0.21,0.54,0.33,0.46,0.08,0.37,0.41,0.95,0.46,0.0
178,Chidera Ejuke,NGA,FW,Sevilla,26.0,19,13,8,9,2,9,20,45.0,11,12,0,12,5,24,8,0,1.78,1.21,0.75,0.84,0.19,0.84,1.87,1.03,1.12,0.0,1.12,0.47,2.24,0.75,0.0
179,Aritz Elustondo,ESP,DF,Real Sociedad,30.0,20,11,15,3,2,11,19,57.9,8,17,12,5,11,31,96,0,1.23,0.68,0.93,0.19,0.12,0.68,1.17,0.49,1.05,0.74,0.31,0.68,1.91,5.93,0.0
180,Adri Embarba,ESP,"FW,MF",Rayo Vallecano,32.0,41,20,17,17,7,18,47,38.3,29,18,1,17,13,54,14,2,2.29,1.12,0.95,0.95,0.39,1.01,2.63,1.62,1.01,0.06,0.95,0.73,3.02,0.78,0.11
181,Endrick,BRA,FW,Real Madrid,18.0,1,1,1,0,0,1,3,33.3,2,0,0,0,4,5,1,0,0.25,0.25,0.25,0.0,0.0,0.25,0.75,0.5,0.0,0.0,0.0,1.0,1.25,0.25,0.0
182,Alfonso Espino,URU,DF,Rayo Vallecano,32.0,41,24,31,8,2,26,47,55.3,21,19,6,13,12,53,32,1,4.41,2.58,3.33,0.86,0.22,2.8,5.05,2.26,2.04,0.65,1.4,1.29,5.7,3.44,0.11
183,Dario Essugo,POR,MF,Las Palmas,19.0,59,45,28,26,5,28,46,60.9,18,28,11,17,42,101,47,7,2.74,2.09,1.3,1.21,0.23,1.3,2.14,0.84,1.3,0.51,0.79,1.95,4.7,2.19,0.33
184,Etienne Eto'o,CMR,FW,Rayo Vallecano,21.0,0,0,0,0,0,0,1,0.0,1,0,0,0,0,0,1,0,0.0,0.0,0.0,0.0,0.0,0.0,2.5,2.5,0.0,0.0,0.0,0.0,0.0,2.5,0.0
185,Karl Etta,CMR,"MF,FW",Villarreal,20.0,0,0,0,0,0,0,1,0.0,1,1,0,1,0,0,0,0,0.0,0.0,0.0,0.0,0.0,0.0,2.5,2.5,2.5,0.0,2.5,0.0,0.0,0.0,0.0
186,Edu Expósito,ESP,MF,Espanyol,27.0,23,13,9,13,1,9,23,39.1,14,3,0,3,15,38,21,2,1.98,1.12,0.78,1.12,0.09,0.78,1.98,1.21,0.26,0.0,0.26,1.29,3.28,1.81,0.17
187,Abde Ezzalzouli,MAR,"FW,MF",Betis,22.0,37,25,17,16,4,15,27,55.6,12,22,3,19,7,44,19,0,1.68,1.14,0.77,0.73,0.18,0.68,1.23,0.55,1.0,0.14,0.86,0.32,2.0,0.86,0.0
188,Ansu Fati,ESP,FW,Barcelona,21.0,4,1,0,2,2,1,2,50.0,1,1,0,1,1,5,0,1,1.54,0.38,0.0,0.77,0.77,0.38,0.77,0.38,0.38,0.0,0.38,0.38,1.92,0.0,0.38
189,Nabil Fekir,FRA,MF,Betis,31.0,3,2,1,1,1,1,2,50.0,1,2,0,2,0,3,0,0,1.5,1.0,0.5,0.5,0.5,0.5,1.0,0.5,1.0,0.0,1.0,0.0,1.5,0.0,0.0
190,Kiko Femenía,ESP,DF,Villarreal,33.0,50,34,34,14,2,33,57,57.9,24,21,10,11,40,90,62,3,2.02,1.38,1.38,0.57,0.08,1.34,2.31,0.97,0.85,0.4,0.45,1.62,3.64,2.51,0.12
191,Aitor Fernández,ESP,GK,Osasuna,33.0,0,0,0,0,0,0,0,,0,0,0,0,0,0,2,0,0.0,0.0,0.0,0.0,0.0,0.0,0.0,0.0,0.0,0.0,0.0,0.0,0.0,2.0,0.0
192,Álvaro Fernández,ESP,GK,Sevilla,26.0,0,0,0,0,0,0,1,0.0,1,0,0,0,0,0,7,0,0.0,0.0,0.0,0.0,0.0,0.0,0.12,0.12,0.0,0.0,0.0,0.0,0.0,0.84,0.0
193,Pelayo Fernandez,ESP,DF,Rayo Vallecano,21.0,0,0,0,0,0,0,0,,0,0,0,0,2,2,9,0,0.0,0.0,0.0,0.0,0.0,0.0,0.0,0.0,0.0,0.0,0.0,1.82,1.82,8.18,0.0
194,Roberto Férnandez,ESP,FW,Espanyol,22.0,4,4,2,1,1,0,5,0.0,5,9,1,8,3,7,26,0,0.24,0.24,0.12,0.06,0.06,0.0,0.3,0.3,0.54,0.06,0.48,0.18,0.42,1.57,0.0
195,Valery Fernández,ESP,"MF,FW",Mallorca,24.0,8,7,3,2,3,5,7,71.4,2,3,1,2,0,8,1,0,2.35,2.06,0.88,0.59,0.88,1.47,2.06,0.59,0.88,0.29,0.59,0.0,2.35,0.29,0.0
196,André Ferreira,POR,GK,Valladolid,28.0,0,0,0,0,0,0,0,,0,0,0,0,0,0,4,2,0.0,0.0,0.0,0.0,0.0,0.0,0.0,0.0,0.0,0.0,0.0,0.0,0.0,0.67,0.33
197,Mateo Flores,ESP,MF,Betis,20.0,3,1,3,0,0,1,1,100.0,0,1,0,1,2,5,3,0,1.76,0.59,1.76,0.0,0.0,0.59,0.59,0.0,0.59,0.0,0.59,1.18,2.94,1.76,0.0
198,Pablo Fornals,ESP,"MF,FW",Betis,28.0,21,13,12,6,3,10,30,33.3,20,24,4,20,23,44,15,1,1.03,0.64,0.59,0.3,0.15,0.49,1.48,0.99,1.18,0.2,0.99,1.13,2.17,0.74,0.05
199,Héctor Fort,ESP,DF,Barcelona,17.0,13,8,6,4,3,10,16,62.5,6,12,0,12,6,19,16,0,2.0,1.23,0.92,0.62,0.46,1.54,2.46,0.92,1.85,0.0,1.85,0.92,2.92,2.46,0.0
200,Dimitri Foulquier,FRA,DF,Valencia,31.0,48,31,29,13,6,24,36,66.7,12,21,5,16,16,64,86,1,1.88,1.22,1.14,0.51,0.24,0.94,1.41,0.47,0.82,0.2,0.63,0.63,2.51,3.37,0.04
201,Juan Foyth,ARG,DF,Villarreal,26.0,25,15,15,6,4,11,16,68.8,5,26,17,9,19,44,119,3,1.48,0.89,0.89,0.36,0.24,0.65,0.95,0.3,1.54,1.01,0.53,1.12,2.6,7.04,0.18
202,Fran,ESP,GK,Real Madrid,19.0,0,0,0,0,0,0,0,,0,0,0,0,0,0,2,0,0.0,0.0,0.0,0.0,0.0,0.0,0.0,0.0,0.0,0.0,0.0,0.0,0.0,2.0,0.0
203,Alejandro Francés,ESP,DF,Girona,21.0,36,24,22,13,1,28,40,70.0,12,17,8,9,17,53,52,0,2.77,1.85,1.69,1.0,0.08,2.15,3.08,0.92,1.31,0.62,0.69,1.31,4.08,4.0,0.0
204,Enric Franquesa,ESP,"DF,FW",Leganés,27.0,17,9,9,6,2,9,13,69.2,4,7,1,6,5,22,12,0,2.5,1.32,1.32,0.88,0.29,1.32,1.91,0.59,1.03,0.15,0.88,0.74,3.24,1.76,0.0
205,Jorge de Frutos,ESP,"FW,MF",Rayo Vallecano,27.0,37,21,16,13,8,14,46,30.4,32,22,0,22,19,56,24,1,1.34,0.76,0.58,0.47,0.29,0.51,1.66,1.16,0.79,0.0,0.79,0.69,2.02,0.87,0.04
206,Darío Fuentes,ESP,DF,Sevilla,21.0,0,0,0,0,0,0,0,,0,0,0,0,0,0,0,0,0.0,0.0,0.0,0.0,0.0,0.0,0.0,0.0,0.0,0.0,0.0,0.0,0.0,0.0,0.0
207,Manuel Fuster,ESP,"FW,MF",Las Palmas,26.0,19,11,5,8,6,15,28,53.6,13,13,3,10,4,23,17,0,1.71,0.99,0.45,0.72,0.54,1.35,2.52,1.17,1.17,0.27,0.9,0.36,2.07,1.53,0.0
208,Javi Galán,ESP,DF,Atlético Madrid,29.0,51,31,31,15,5,25,49,51.0,24,13,3,10,12,63,47,0,2.58,1.57,1.57,0.76,0.25,1.26,2.47,1.21,0.66,0.15,0.51,0.61,3.18,2.37,0.0
209,Iñigo Ruiz de Galarreta,ESP,MF,Athletic Club,30.0,36,22,11,17,8,20,31,64.5,11,11,4,7,16,52,14,2,2.2,1.34,0.67,1.04,0.49,1.22,1.89,0.67,0.67,0.24,0.43,0.98,3.17,0.85,0.12
210,Conor Gallagher,ENG,MF,Atlético Madrid,24.0,45,32,16,19,10,22,49,44.9,27,23,5,18,20,65,23,0,2.49,1.77,0.88,1.05,0.55,1.22,2.71,1.49,1.27,0.28,0.99,1.1,3.59,1.27,0.0
211,Facundo Garcés,ARG,DF,Alavés,24.0,6,2,4,2,0,3,5,60.0,2,8,6,2,5,11,51,0,0.8,0.27,0.53,0.27,0.0,0.4,0.67,0.27,1.07,0.8,0.27,0.67,1.47,6.8,0.0
212,Álvaro García,ESP,"FW,MF",Rayo Vallecano,31.0,33,24,19,8,6,12,31,38.7,19,31,0,31,32,65,42,1,1.16,0.85,0.67,0.28,0.21,0.42,1.09,0.67,1.09,0.0,1.09,1.13,2.29,1.48,0.04
213,Eric García,ESP,"DF,MF",Barcelona,23.0,38,21,11,24,3,20,29,69.0,9,24,8,16,14,52,41,0,2.18,1.21,0.63,1.38,0.17,1.15,1.67,0.52,1.38,0.46,0.92,0.8,2.99,2.36,0.0
214,Fran Garcia,ESP,DF,Real Madrid,24.0,51,36,29,16,6,28,51,54.9,23,27,5,22,28,79,67,1,2.12,1.49,1.2,0.66,0.25,1.16,2.12,0.95,1.12,0.21,0.91,1.16,3.28,2.78,0.04
215,Gonzalo García,ESP,"FW,DF",Real Madrid,20.0,0,0,0,0,0,0,0,,0,1,0,1,0,0,0,0,0.0,0.0,0.0,0.0,0.0,0.0,0.0,0.0,1.67,0.0,1.67,0.0,0.0,0.0,0.0
216,Joan García,ESP,GK,Espanyol,23.0,0,0,0,0,0,0,1,0.0,1,1,0,1,0,0,18,4,0.0,0.0,0.0,0.0,0.0,0.0,0.03,0.03,0.03,0.0,0.03,0.0,0.0,0.47,0.11
217,Pablo Garcia,ESP,FW,Betis,17.0,0,0,0,0,0,0,0,,0,1,0,1,0,0,0,0,0.0,0.0,0.0,0.0,0.0,0.0,0.0,0.0,2.5,0.0,2.5,0.0,0.0,0.0,0.0
218,Rubén García,ESP,"FW,MF",Osasuna,31.0,52,31,20,21,11,26,60,43.3,34,37,3,34,15,67,34,1,1.94,1.16,0.75,0.78,0.41,0.97,2.24,1.27,1.38,0.11,1.27,0.56,2.5,1.27,0.04
219,Unai García,ESP,DF,Osasuna,32.0,0,0,0,0,0,0,0,,0,1,0,1,0,0,1,0,0.0,0.0,0.0,0.0,0.0,0.0,0.0,0.0,1.43,0.0,1.43,0.0,0.0,1.43,0.0
220,Yarek Gasiorowski,ESP,DF,Valencia,19.0,19,16,16,3,0,9,13,69.2,4,17,6,11,26,45,60,0,1.81,1.52,1.52,0.29,0.0,0.86,1.24,0.38,1.62,0.57,1.05,2.48,4.29,5.71,0.0
221,Gavi,ESP,"MF,FW",Barcelona,19.0,30,21,10,15,5,15,26,57.7,11,14,1,13,10,40,7,0,2.48,1.74,0.83,1.24,0.41,1.24,2.15,0.91,1.16,0.08,1.07,0.83,3.31,0.58,0.0
222,Paulo Gazzaniga,ARG,GK,Girona,32.0,1,1,1,0,0,1,1,100.0,0,1,0,1,0,1,17,3,0.03,0.03,0.03,0.0,0.0,0.03,0.03,0.0,0.03,0.0,0.03,0.0,0.03,0.48,0.08
223,Bryan Gil,ESP,"FW,MF",Girona,23.0,34,20,10,15,9,14,30,46.7,16,24,0,24,10,44,9,4,1.78,1.05,0.52,0.79,0.47,0.73,1.57,0.84,1.26,0.0,1.26,0.52,2.3,0.47,0.21
224,Dani Gómez,ESP,FW,Valencia,26.0,3,2,0,0,3,0,0,,0,1,0,1,2,5,4,0,0.51,0.34,0.0,0.0,0.51,0.0,0.0,0.0,0.17,0.0,0.17,0.34,0.85,0.68,0.0
225,Moi Gómez,ESP,"MF,FW",Osasuna,30.0,13,9,4,7,2,4,8,50.0,4,5,2,3,6,19,7,1,1.48,1.02,0.45,0.8,0.23,0.45,0.91,0.45,0.57,0.23,0.34,0.68,2.16,0.8,0.11
226,Sergi Gómez,ESP,DF,Espanyol,32.0,8,5,7,1,0,2,3,66.7,1,12,8,4,7,15,38,0,1.08,0.68,0.95,0.14,0.0,0.27,0.41,0.14,1.62,1.08,0.54,0.95,2.03,5.14,0.0
227,Sergio Gómez,ESP,"MF,DF",Real Sociedad,23.0,71,39,30,29,12,30,56,53.6,26,44,3,41,19,90,30,2,2.34,1.28,0.99,0.95,0.39,0.99,1.84,0.86,1.45,0.1,1.35,0.63,2.96,0.99,0.07
228,Unai Gómez,ESP,"MF,FW",Athletic Club,21.0,12,8,3,7,2,4,7,57.1,3,13,1,12,2,14,15,1,0.84,0.56,0.21,0.49,0.14,0.28,0.49,0.21,0.91,0.07,0.84,0.14,0.98,1.05,0.07
229,Fabio González,ESP,MF,Las Palmas,27.0,0,0,0,0,0,0,1,0.0,1,0,0,0,0,0,0,0,0.0,0.0,0.0,0.0,0.0,0.0,1.67,1.67,0.0,0.0,0.0,0.0,0.0,0.0,0.0
230,Peter González,DOM,"MF,FW",Getafe,22.0,11,6,2,5,4,6,9,66.7,3,8,0,8,2,13,5,0,2.08,1.13,0.38,0.94,0.75,1.13,1.7,0.57,1.51,0.0,1.51,0.38,2.45,0.94,0.0
231,Urko González,ESP,MF,Espanyol,23.0,46,28,24,21,1,28,44,63.6,16,27,12,15,8,54,39,1,3.01,1.83,1.57,1.37,0.07,1.83,2.88,1.05,1.76,0.78,0.98,0.52,3.53,2.55,0.07
232,Urko González,ESP,MF,Real Sociedad,23.0,0,0,0,0,0,0,0,,0,1,1,0,0,0,0,0,0.0,0.0,0.0,0.0,0.0,0.0,0.0,0.0,2.0,2.0,0.0,0.0,0.0,0.0,0.0
233,Andoni Gorosabel,ESP,DF,Athletic Club,27.0,47,28,31,9,7,30,45,66.7,15,18,2,16,18,65,62,0,2.85,1.7,1.88,0.55,0.42,1.82,2.73,0.91,1.09,0.12,0.97,1.09,3.94,3.76,0.0
234,José Gragera,ESP,MF,Espanyol,23.0,25,16,11,14,0,9,17,52.9,8,9,1,8,5,30,13,0,3.97,2.54,1.75,2.22,0.0,1.43,2.7,1.27,1.43,0.16,1.27,0.79,4.76,2.06,0.0
235,Dominik Greif,SVK,GK,Mallorca,27.0,0,0,0,0,0,0,0,,0,0,0,0,0,0,13,1,0.0,0.0,0.0,0.0,0.0,0.0,0.0,0.0,0.0,0.0,0.0,0.0,0.0,0.42,0.03
236,Antoine Griezmann,FRA,"FW,MF",Atlético Madrid,33.0,30,17,13,13,4,7,29,24.1,22,20,1,19,6,36,23,1,1.09,0.62,0.47,0.47,0.15,0.26,1.06,0.8,0.73,0.04,0.69,0.22,1.31,0.84,0.04
237,Florian Grillitsch,AUT,MF,Valladolid,28.0,11,7,7,3,1,7,15,46.7,8,12,2,10,4,15,5,1,1.59,1.01,1.01,0.43,0.14,1.01,2.17,1.16,1.74,0.29,1.45,0.58,2.17,0.72,0.14
238,Vicente Guaita,ESP,GK,Celta Vigo,37.0,0,0,0,0,0,0,0,,0,0,0,0,0,0,21,3,0.0,0.0,0.0,0.0,0.0,0.0,0.0,0.0,0.0,0.0,0.0,0.0,0.0,0.62,0.09
239,Sergi Guardiola,ESP,FW,Rayo Vallecano,33.0,5,3,0,5,0,2,3,66.7,1,1,0,1,1,6,2,0,1.25,0.75,0.0,1.25,0.0,0.5,0.75,0.25,0.25,0.0,0.25,0.25,1.5,0.5,0.0
240,Nemanja Gudelj,SRB,"MF,DF",Sevilla,32.0,42,24,16,22,4,21,35,60.0,14,27,10,17,27,69,94,1,1.52,0.87,0.58,0.79,0.14,0.76,1.26,0.51,0.97,0.36,0.61,0.97,2.49,3.39,0.04
241,Javier Guerra,ESP,MF,Valencia,21.0,50,27,18,21,11,26,56,46.4,30,15,3,12,20,70,49,3,1.74,0.94,0.63,0.73,0.38,0.91,1.95,1.05,0.52,0.1,0.42,0.7,2.44,1.71,0.1
242,Ander Guevara,ESP,MF,Alavés,27.0,49,30,19,29,1,20,48,41.7,28,21,5,16,14,63,43,1,2.27,1.39,0.88,1.34,0.05,0.93,2.22,1.3,0.97,0.23,0.74,0.65,2.92,1.99,0.05
243,Pape Gueye,SEN,MF,Villarreal,25.0,54,26,23,23,8,20,29,69.0,9,31,13,18,27,81,53,2,2.19,1.05,0.93,0.93,0.32,0.81,1.17,0.36,1.26,0.53,0.73,1.09,3.28,2.15,0.08
244,Hugo Guillamón,ESP,MF,Valencia,24.0,11,8,1,9,1,9,10,90.0,1,4,1,3,5,16,9,1,2.75,2.0,0.25,2.25,0.25,2.25,2.5,0.25,1.0,0.25,0.75,1.25,4.0,2.25,0.25
245,Carlos Guirao,ESP,MF,Betis,21.0,5,3,1,4,0,4,6,66.7,2,1,1,0,3,8,2,0,4.17,2.5,0.83,3.33,0.0,3.33,5.0,1.67,0.83,0.83,0.0,2.5,6.67,1.67,0.0
246,Arda Güler,TUR,"MF,FW",Real Madrid,19.0,30,16,11,8,11,9,22,40.9,13,18,0,18,7,37,8,0,2.16,1.15,0.79,0.58,0.79,0.65,1.58,0.94,1.29,0.0,1.29,0.5,2.66,0.58,0.0
247,Gerard Gumbau,ESP,MF,Rayo Vallecano,29.0,17,12,8,7,2,7,15,46.7,8,13,4,9,5,22,13,0,1.81,1.28,0.85,0.74,0.21,0.74,1.6,0.85,1.38,0.43,0.96,0.53,2.34,1.38,0.0
248,Jon Guridi,ESP,"MF,FW",Alavés,29.0,40,22,7,26,7,18,44,40.9,26,19,1,18,14,54,16,0,1.73,0.95,0.3,1.13,0.3,0.78,1.9,1.13,0.82,0.04,0.78,0.61,2.34,0.69,0.0
249,Gorka Guruzeta,ESP,FW,Athletic Club,27.0,16,8,1,13,2,7,31,22.6,24,28,4,24,9,25,23,0,0.78,0.39,0.05,0.64,0.1,0.34,1.52,1.18,1.37,0.2,1.18,0.44,1.23,1.13,0.0
250,Miguel Gutiérrez,ESP,"DF,MF",Girona,23.0,37,24,18,16,3,17,37,45.9,20,17,7,10,16,53,34,3,1.36,0.88,0.66,0.59,0.11,0.62,1.36,0.73,0.62,0.26,0.37,0.59,1.94,1.25,0.11
251,Munir El Haddadi,MAR,"FW,MF",Leganés,28.0,12,9,5,4,3,3,12,25.0,9,8,1,7,1,13,1,1,1.25,0.94,0.52,0.42,0.31,0.31,1.25,0.94,0.83,0.1,0.73,0.1,1.35,0.1,0.1
252,Sébastien Haller,CIV,FW,Leganés,30.0,2,0,1,0,1,1,2,50.0,1,1,0,1,0,2,7,0,0.44,0.0,0.22,0.0,0.22,0.22,0.44,0.22,0.22,0.0,0.22,0.0,0.44,1.56,0.0
253,Henrique,BRA,DF,Valladolid,30.0,6,2,3,2,1,1,4,25.0,3,5,0,5,3,9,12,0,1.54,0.51,0.77,0.51,0.26,0.26,1.03,0.77,1.28,0.0,1.28,0.77,2.31,3.08,0.0
254,Javi Hernández,ESP,DF,Leganés,26.0,26,15,16,7,3,17,46,37.0,29,25,5,20,23,49,98,0,0.98,0.57,0.6,0.26,0.11,0.64,1.74,1.09,0.94,0.19,0.75,0.87,1.85,3.7,0.0
255,Aridane Hernández,ESP,DF,Rayo Vallecano,35.0,13,11,9,4,0,6,8,75.0,2,10,8,2,6,19,99,2,1.14,0.96,0.79,0.35,0.0,0.53,0.7,0.18,0.88,0.7,0.18,0.53,1.67,8.68,0.18
256,Jorge Herrando,ESP,DF,Osasuna,23.0,17,11,9,5,3,9,15,60.0,6,20,14,6,12,29,65,2,1.12,0.72,0.59,0.33,0.2,0.59,0.99,0.39,1.32,0.92,0.39,0.79,1.91,4.28,0.13
257,Ander Herrera,ESP,MF,Athletic Club,34.0,8,4,1,7,0,3,6,50.0,3,1,0,1,2,10,10,0,2.67,1.33,0.33,2.33,0.0,1.0,2.0,1.0,0.33,0.0,0.33,0.67,3.33,3.33,0.0
258,Sergio Herrera,ESP,GK,Osasuna,31.0,2,1,2,0,0,2,6,33.3,4,1,0,1,0,2,29,1,0.05,0.03,0.05,0.0,0.0,0.05,0.16,0.11,0.03,0.0,0.03,0.0,0.05,0.78,0.03
259,Yangel Herrera,VEN,MF,Girona,26.0,66,39,31,27,8,30,59,50.8,29,24,8,16,31,97,50,2,2.63,1.55,1.24,1.08,0.32,1.2,2.35,1.16,0.96,0.32,0.64,1.24,3.86,1.99,0.08
260,Juan Herzog,ESP,DF,Las Palmas,21.0,12,12,12,0,0,9,16,56.3,7,17,11,6,18,30,86,0,0.82,0.82,0.82,0.0,0.0,0.62,1.1,0.48,1.16,0.75,0.41,1.23,2.05,5.89,0.0
261,Omar El Hilali,MAR,DF,Espanyol,20.0,111,79,81,24,6,64,95,67.4,31,53,13,40,46,157,145,2,3.17,2.26,2.31,0.69,0.17,1.83,2.71,0.89,1.51,0.37,1.14,1.31,4.49,4.14,0.06
262,Roger Hinojo,ESP,DF,Espanyol,19.0,0,0,0,0,0,0,0,,0,0,0,0,0,0,1,0,0.0,0.0,0.0,0.0,0.0,0.0,0.0,0.0,0.0,0.0,0.0,0.0,0.0,10.0,0.0
263,Dinko Horkaš,CRO,GK,Las Palmas,25.0,0,0,0,0,0,0,0,,0,0,0,0,0,0,9,1,0.0,0.0,0.0,0.0,0.0,0.0,0.0,0.0,0.0,0.0,0.0,0.0,0.0,0.74,0.08
264,Pablo Ibáñez,ESP,MF,Osasuna,25.0,20,10,7,12,1,10,40,25.0,30,20,7,13,18,38,21,0,1.39,0.69,0.49,0.83,0.07,0.69,2.78,2.08,1.39,0.49,0.9,1.25,2.64,1.46,0.0
265,Stanis Idumbo,BEL,"FW,MF",Sevilla,19.0,9,5,3,4,2,3,5,60.0,2,3,1,2,4,13,2,0,2.81,1.56,0.94,1.25,0.63,0.94,1.56,0.63,0.94,0.31,0.63,1.25,4.06,0.63,0.0
266,Iglesias,ESP,DF,Getafe,26.0,81,47,42,33,6,46,90,51.1,44,47,8,39,50,131,133,1,2.52,1.46,1.31,1.03,0.19,1.43,2.8,1.37,1.46,0.25,1.21,1.56,4.08,4.14,0.03
267,Borja Iglesias,ESP,FW,Celta Vigo,31.0,10,9,2,5,3,4,15,26.7,11,9,2,7,7,17,10,0,0.46,0.41,0.09,0.23,0.14,0.18,0.69,0.51,0.41,0.09,0.32,0.32,0.78,0.46,0.0
268,Kelechi Iheanacho,NGA,FW,Sevilla,27.0,1,0,0,1,0,1,3,33.3,2,0,0,0,0,1,1,0,0.23,0.0,0.0,0.23,0.0,0.23,0.68,0.45,0.0,0.0,0.0,0.0,0.23,0.23,0.0
269,Isco,ESP,MF,Betis,32.0,20,13,3,13,4,7,28,25.0,21,10,0,10,11,31,7,0,1.16,0.76,0.17,0.76,0.23,0.41,1.63,1.22,0.58,0.0,0.58,0.64,1.8,0.41,0.0
270,Diego Iturralde,ESP,FW,Sevilla,21.0,0,0,0,0,0,0,0,,0,0,0,0,1,1,1,0,0.0,0.0,0.0,0.0,0.0,0.0,0.0,0.0,0.0,0.0,0.0,2.5,2.5,2.5,0.0
271,Ivan Jaime Pajuelo,ESP,MF,Valencia,23.0,8,5,2,3,3,4,5,80.0,1,2,0,2,2,10,0,0,2.42,1.52,0.61,0.91,0.91,1.21,1.52,0.3,0.61,0.0,0.61,0.61,3.03,0.0,0.0
272,Karl Jakob Hein,EST,GK,Valladolid,22.0,0,0,0,0,0,0,2,0.0,2,0,0,0,0,0,19,2,0.0,0.0,0.0,0.0,0.0,0.0,0.06,0.06,0.0,0.0,0.0,0.0,0.0,0.61,0.06
273,Adnan Januzaj,BEL,"MF,FW",Las Palmas,29.0,10,6,1,6,3,5,9,55.6,4,6,0,6,2,12,3,0,1.52,0.91,0.15,0.91,0.45,0.76,1.36,0.61,0.91,0.0,0.91,0.3,1.82,0.45,0.0
274,Mikel Jauregizar,ESP,MF,Athletic Club,20.0,84,48,25,45,14,41,83,49.4,42,24,4,20,29,113,36,2,3.37,1.93,1.0,1.81,0.56,1.65,3.33,1.69,0.96,0.16,0.8,1.16,4.54,1.45,0.08
275,John Joe,IRL,"MF,FW",Getafe,20.0,0,0,0,0,0,0,0,,0,1,1,0,0,0,1,0,0.0,0.0,0.0,0.0,0.0,0.0,0.0,0.0,2.0,2.0,0.0,0.0,0.0,2.0,0.0
276,Jofre,ESP,"MF,FW",Espanyol,23.0,22,16,14,5,3,13,23,56.5,10,13,0,13,15,37,29,0,0.91,0.66,0.58,0.21,0.12,0.54,0.95,0.41,0.54,0.0,0.54,0.62,1.54,1.2,0.0
277,Frenkie de Jong,NED,MF,Barcelona,27.0,19,11,5,8,6,8,16,50.0,8,9,1,8,12,31,7,1,1.5,0.87,0.39,0.63,0.47,0.63,1.26,0.63,0.71,0.08,0.63,0.94,2.44,0.55,0.08
278,Joan Jordán,ESP,MF,Alavés,30.0,32,18,11,17,4,17,30,56.7,13,12,0,12,9,41,21,0,2.04,1.15,0.7,1.08,0.25,1.08,1.91,0.83,0.76,0.0,0.76,0.57,2.61,1.34,0.0
279,Juanmi,ESP,"FW,MF",Getafe,31.0,14,11,4,7,3,6,19,31.6,13,6,0,6,2,16,3,0,1.82,1.43,0.52,0.91,0.39,0.78,2.47,1.69,0.78,0.0,0.78,0.26,2.08,0.39,0.0
280,Juanmi,ESP,"FW,MF",Betis,31.0,7,4,3,3,1,4,6,66.7,2,4,0,4,1,8,4,0,2.59,1.48,1.11,1.11,0.37,1.48,2.22,0.74,1.48,0.0,1.48,0.37,2.96,1.48,0.0
281,Juanpe,ESP,DF,Girona,33.0,8,5,5,3,0,6,8,75.0,2,15,10,5,8,16,56,1,0.99,0.62,0.62,0.37,0.0,0.74,0.99,0.25,1.85,1.23,0.62,0.99,1.98,6.91,0.12
282,Luiz Lúcio Reis Júnior,BRA,GK,Villarreal,23.0,0,0,0,0,0,0,0,,0,0,0,0,0,0,14,1,0.0,0.0,0.0,0.0,0.0,0.0,0.0,0.0,0.0,0.0,0.0,0.0,0.0,0.86,0.06
283,Vinicius Júnior,BRA,FW,Real Madrid,24.0,21,10,7,4,10,5,18,27.8,13,9,0,9,3,24,1,2,0.84,0.4,0.28,0.16,0.4,0.2,0.72,0.52,0.36,0.0,0.36,0.12,0.96,0.04,0.08
284,Stanko Jurić,CRO,MF,Valladolid,27.0,48,24,26,19,3,19,48,39.6,29,35,11,24,24,72,52,0,2.5,1.25,1.35,0.99,0.16,0.99,2.5,1.51,1.82,0.57,1.25,1.25,3.75,2.71,0.0
285,Willy Kambwala,FRA,DF,Villarreal,19.0,17,12,14,2,1,10,12,83.3,2,10,7,3,10,27,56,1,1.37,0.97,1.13,0.16,0.08,0.81,0.97,0.16,0.81,0.56,0.24,0.81,2.18,4.52,0.08
286,Abdoulaye Keita,ESP,"FW,MF",Getafe,21.0,2,2,0,1,1,2,4,50.0,2,1,0,1,0,2,3,0,1.82,1.82,0.0,0.91,0.91,1.82,3.64,1.82,0.91,0.0,0.91,0.0,1.82,2.73,0.0
287,Kenedy,BRA,"MF,FW",Valladolid,28.0,0,0,0,0,0,0,0,,0,1,0,1,0,0,0,0,0.0,0.0,0.0,0.0,0.0,0.0,0.0,0.0,10.0,0.0,10.0,0.0,0.0,0.0,0.0
288,Kiké,ESP,FW,Alavés,34.0,19,14,1,12,6,6,17,35.3,11,11,4,7,1,20,23,0,0.67,0.5,0.04,0.43,0.21,0.21,0.6,0.39,0.39,0.14,0.25,0.04,0.71,0.82,0.0
289,Koke,ESP,MF,Atlético Madrid,32.0,46,23,18,22,6,21,43,48.8,22,24,2,22,20,66,29,2,2.15,1.07,0.84,1.03,0.28,0.98,2.01,1.03,1.12,0.09,1.03,0.93,3.08,1.36,0.09
290,Jules Koundé,FRA,DF,Barcelona,25.0,63,43,29,23,11,44,66,66.7,22,35,5,30,20,83,68,2,2.18,1.49,1.0,0.8,0.38,1.52,2.28,0.76,1.21,0.17,1.04,0.69,2.87,2.35,0.07
291,Alex Král,CZE,MF,Espanyol,26.0,55,37,28,24,3,16,30,53.3,14,34,14,20,28,83,51,2,1.82,1.23,0.93,0.79,0.1,0.53,0.99,0.46,1.13,0.46,0.66,0.93,2.75,1.69,0.07
292,Ladislav Krejčí,CZE,DF,Girona,25.0,23,16,19,4,0,14,26,53.8,12,24,19,5,34,57,93,5,0.85,0.59,0.7,0.15,0.0,0.52,0.96,0.44,0.89,0.7,0.18,1.25,2.1,3.43,0.18
293,Takefusa Kubo,JPN,"MF,FW",Real Sociedad,23.0,31,20,11,11,9,16,40,40.0,24,38,1,37,17,48,13,1,1.17,0.76,0.42,0.42,0.34,0.61,1.52,0.91,1.44,0.04,1.4,0.64,1.82,0.49,0.04
294,Marash Kumbulla,ALB,DF,Espanyol,24.0,51,26,35,14,2,24,41,58.5,17,48,35,13,34,85,224,2,1.55,0.79,1.06,0.42,0.06,0.73,1.24,0.52,1.45,1.06,0.39,1.03,2.58,6.79,0.06
295,Luca de la Torre,USA,MF,Celta Vigo,26.0,0,0,0,0,0,0,0,,0,0,0,0,0,0,0,0,0.0,0.0,0.0,0.0,0.0,0.0,0.0,0.0,0.0,0.0,0.0,0.0,0.0,0.0,0.0
296,Yoel Lago,ESP,DF,Celta Vigo,20.0,12,8,8,3,1,7,9,77.8,2,5,4,1,4,16,30,0,1.85,1.23,1.23,0.46,0.15,1.08,1.38,0.31,0.77,0.62,0.15,0.62,2.46,4.62,0.0
297,Cyle Larin,CAN,FW,Mallorca,29.0,12,6,1,6,5,3,9,33.3,6,12,3,9,1,13,16,0,0.61,0.31,0.05,0.31,0.26,0.15,0.46,0.31,0.61,0.15,0.46,0.05,0.66,0.82,0.0
298,Juanmi Latasa,ESP,FW,Valladolid,23.0,4,2,1,1,2,2,6,33.3,4,4,1,3,0,4,11,1,0.26,0.13,0.06,0.06,0.13,0.13,0.39,0.26,0.26,0.06,0.19,0.0,0.26,0.71,0.06
299,Toni Lato,ESP,DF,Mallorca,26.0,17,11,6,5,6,7,11,63.6,4,10,4,6,6,23,33,0,2.46,1.59,0.87,0.72,0.87,1.01,1.59,0.58,1.45,0.58,0.87,0.87,3.33,4.78,0.0
300,Robin Le Normand,ESP,DF,Atlético Madrid,27.0,27,18,23,4,0,12,20,60.0,8,20,9,11,10,37,120,1,1.13,0.75,0.96,0.17,0.0,0.5,0.84,0.33,0.84,0.38,0.46,0.42,1.55,5.02,0.04
301,Florian Lejeune,FRA,DF,Rayo Vallecano,33.0,46,28,30,14,2,23,43,53.5,20,38,32,6,41,87,181,1,1.25,0.76,0.81,0.38,0.05,0.62,1.17,0.54,1.03,0.87,0.16,1.11,2.36,4.91,0.03
302,Iñigo Lekue,ESP,DF,Athletic Club,31.0,15,12,12,3,0,9,17,52.9,8,7,2,5,9,24,29,2,1.74,1.4,1.4,0.35,0.0,1.05,1.98,0.93,0.81,0.23,0.58,1.05,2.79,3.37,0.23
303,Thomas Lemar,FRA,MF,Atlético Madrid,28.0,2,1,1,1,0,2,4,50.0,2,0,0,0,0,2,1,0,2.22,1.11,1.11,1.11,0.0,2.22,4.44,2.22,0.0,0.0,0.0,0.0,2.22,1.11,0.0
304,Clément Lenglet,FRA,DF,Atlético Madrid,29.0,27,17,19,8,0,11,15,73.3,4,24,18,6,22,49,104,1,1.23,0.78,0.87,0.37,0.0,0.5,0.68,0.18,1.1,0.82,0.27,1.0,2.24,4.75,0.05
305,Robert Lewandowski,POL,FW,Barcelona,35.0,10,5,1,5,4,5,11,45.5,6,14,2,12,3,13,26,0,0.34,0.17,0.03,0.17,0.14,0.17,0.37,0.2,0.47,0.07,0.41,0.1,0.44,0.88,0.0
306,Samuel Lino,BRA,"MF,DF",Atlético Madrid,24.0,33,17,25,4,4,22,52,42.3,30,23,4,19,8,41,13,0,1.92,0.99,1.45,0.23,0.23,1.28,3.02,1.74,1.34,0.23,1.1,0.47,2.38,0.76,0.0
307,Javier Llabrés,ESP,FW,Mallorca,21.0,0,0,0,0,0,0,0,,0,1,0,1,0,0,0,0,0.0,0.0,0.0,0.0,0.0,0.0,0.0,0.0,1.67,0.0,1.67,0.0,0.0,0.0,0.0
308,Diego Llorente,ESP,DF,Betis,30.0,36,20,23,12,1,25,38,65.8,13,29,20,9,43,79,154,1,1.29,0.71,0.82,0.43,0.04,0.89,1.36,0.46,1.04,0.71,0.32,1.54,2.82,5.5,0.04
309,Marcos Llorente,ESP,"DF,MF",Atlético Madrid,29.0,69,52,38,27,4,36,55,65.5,19,32,7,25,27,96,51,1,2.47,1.86,1.36,0.97,0.14,1.29,1.97,0.68,1.15,0.25,0.9,0.97,3.44,1.83,0.04
310,Giovani Lo Celso,ARG,"MF,FW",Betis,28.0,34,22,8,17,9,17,25,68.0,8,14,2,12,5,39,3,1,2.1,1.36,0.49,1.05,0.56,1.05,1.54,0.49,0.86,0.12,0.74,0.31,2.41,0.19,0.06
311,Enzo Loiodice,FRA,MF,Las Palmas,23.0,17,7,8,9,0,3,10,30.0,7,4,1,3,10,27,7,2,2.24,0.92,1.05,1.18,0.0,0.39,1.32,0.92,0.53,0.13,0.39,1.32,3.55,0.92,0.26
312,David López,ESP,DF,Mallorca,21.0,3,2,3,0,0,2,2,100.0,0,2,2,0,1,4,10,0,1.58,1.05,1.58,0.0,0.0,1.05,1.05,0.0,1.05,1.05,0.0,0.53,2.11,5.26,0.0
313,David López,ESP,DF,Girona,34.0,32,24,22,7,3,18,31,58.1,13,22,12,10,14,46,111,2,1.19,0.89,0.81,0.26,0.11,0.67,1.15,0.48,0.81,0.44,0.37,0.52,1.7,4.11,0.07
314,Diego López,ESP,"MF,FW",Valencia,22.0,31,18,11,16,4,16,47,34.0,31,30,0,30,16,47,15,0,1.02,0.59,0.36,0.53,0.13,0.53,1.55,1.02,0.99,0.0,0.99,0.53,1.55,0.49,0.0
315,Fer López,ESP,"FW,MF",Celta Vigo,21.0,9,5,1,6,2,2,13,15.4,11,10,0,10,2,11,7,0,1.2,0.67,0.13,0.8,0.27,0.27,1.73,1.47,1.33,0.0,1.33,0.27,1.47,0.93,0.0
316,Fermin López,ESP,"MF,FW",Barcelona,21.0,19,15,3,9,7,8,32,25.0,24,11,0,11,5,24,3,0,1.37,1.08,0.22,0.65,0.5,0.58,2.3,1.73,0.79,0.0,0.79,0.36,1.73,0.22,0.0
317,Javi López,ESP,DF,Real Sociedad,22.0,40,23,23,12,5,23,37,62.2,14,21,7,14,11,51,59,2,1.86,1.07,1.07,0.56,0.23,1.07,1.72,0.65,0.98,0.33,0.65,0.51,2.37,2.74,0.09
318,Pau López,ESP,GK,Girona,29.0,0,0,0,0,0,0,0,,0,0,0,0,0,0,1,0,0.0,0.0,0.0,0.0,0.0,0.0,0.0,0.0,0.0,0.0,0.0,0.0,0.0,2.0,0.0
319,Roberto López,ESP,MF,Leganés,24.0,8,6,4,4,0,5,15,33.3,10,5,0,5,1,9,7,2,1.82,1.36,0.91,0.91,0.0,1.14,3.41,2.27,1.14,0.0,1.14,0.23,2.05,1.59,0.45
320,Unai López,ESP,MF,Rayo Vallecano,28.0,31,21,14,12,5,17,36,47.2,19,18,6,12,21,52,20,0,1.63,1.11,0.74,0.63,0.26,0.89,1.89,1.0,0.95,0.32,0.63,1.11,2.74,1.05,0.0
321,Iker Losada,ESP,"FW,MF",Celta Vigo,22.0,3,3,0,1,2,1,5,20.0,4,4,1,3,1,4,8,0,0.75,0.75,0.0,0.25,0.5,0.25,1.25,1.0,1.0,0.25,0.75,0.25,1.0,2.0,0.0
322,Iker Losada,ESP,"MF,FW",Betis,22.0,10,7,2,4,4,5,10,50.0,5,2,0,2,3,13,2,0,2.7,1.89,0.54,1.08,1.08,1.35,2.7,1.35,0.54,0.0,0.54,0.81,3.51,0.54,0.0
323,Pol Lozano,ESP,MF,Espanyol,24.0,53,34,23,25,5,25,58,43.1,33,32,6,26,22,75,31,0,2.45,1.57,1.06,1.16,0.23,1.16,2.69,1.53,1.48,0.28,1.2,1.02,3.47,1.44,0.0
324,José Luis Gayà,ESP,DF,Valencia,29.0,57,40,39,15,3,40,58,69.0,18,16,2,14,25,82,61,0,2.85,2.0,1.95,0.75,0.15,2.0,2.9,0.9,0.8,0.1,0.7,1.25,4.1,3.05,0.0
325,Dodi Lukebakio,BEL,FW,Sevilla,26.0,22,14,8,8,6,15,27,55.6,12,18,1,17,11,33,17,2,0.64,0.41,0.23,0.23,0.17,0.44,0.78,0.35,0.52,0.03,0.49,0.32,0.96,0.49,0.06
326,Daniel Luna,COL,MF,Mallorca,21.0,0,0,0,0,0,0,0,,0,1,0,1,0,0,0,0,0.0,0.0,0.0,0.0,0.0,0.0,0.0,0.0,5.0,0.0,5.0,0.0,0.0,0.0,0.0
327,Andriy Lunin,UKR,GK,Real Madrid,25.0,1,0,1,0,0,0,0,,0,0,0,0,0,1,3,0,0.14,0.0,0.14,0.0,0.0,0.0,0.0,0.0,0.0,0.0,0.0,0.0,0.14,0.43,0.0
328,Darwin Machís,VEN,"MF,FW",Valladolid,31.0,5,4,3,2,0,3,9,33.3,6,3,0,3,5,10,13,0,0.7,0.56,0.42,0.28,0.0,0.42,1.27,0.85,0.42,0.0,0.42,0.7,1.41,1.83,0.0
329,Pablo Maffeo,ESP,DF,Mallorca,27.0,60,40,43,14,3,34,46,73.9,12,32,11,21,25,85,103,1,2.28,1.52,1.63,0.53,0.11,1.29,1.75,0.46,1.22,0.42,0.8,0.95,3.23,3.92,0.04
330,Jon Magunazelaia,ESP,MF,Real Sociedad,23.0,1,1,1,0,0,0,0,,0,0,0,0,0,1,0,0,10.0,10.0,10.0,0.0,0.0,0.0,0.0,0.0,0.0,0.0,0.0,0.0,10.0,0.0,0.0
331,Giorgi Mamardashvili,GEO,GK,Valencia,23.0,2,2,2,0,0,2,3,66.7,1,0,0,0,1,3,16,3,0.06,0.06,0.06,0.0,0.0,0.06,0.09,0.03,0.0,0.0,0.0,0.03,0.09,0.47,0.09
332,Reinildo Mandava,MOZ,DF,Atlético Madrid,30.0,18,11,10,7,1,10,18,55.6,8,11,5,6,16,34,35,0,1.71,1.05,0.95,0.67,0.1,0.95,1.71,0.76,1.05,0.48,0.57,1.52,3.24,3.33,0.0
333,Javier Manquillo,ESP,DF,Celta Vigo,30.0,7,5,4,3,0,2,10,20.0,8,5,3,2,7,14,14,0,1.23,0.88,0.7,0.53,0.0,0.35,1.75,1.4,0.88,0.53,0.35,1.23,2.46,2.46,0.0
334,Marcão,BRA,DF,Sevilla,28.0,10,7,6,4,0,3,5,60.0,2,9,6,3,7,17,29,1,1.64,1.15,0.98,0.66,0.0,0.49,0.82,0.33,1.48,0.98,0.49,1.15,2.79,4.75,0.16
335,Óscar de Marcos,ESP,DF,Athletic Club,35.0,32,15,15,13,4,21,37,56.8,16,17,1,16,16,48,35,0,1.84,0.86,0.86,0.75,0.23,1.21,2.13,0.92,0.98,0.06,0.92,0.92,2.76,2.01,0.0
336,Alberto Marí,ESP,FW,Valencia,23.0,0,0,0,0,0,0,0,,0,0,0,0,0,0,0,0,0.0,0.0,0.0,0.0,0.0,0.0,0.0,0.0,0.0,0.0,0.0,0.0,0.0,0.0,0.0
337,José María Giménez,URU,DF,Atlético Madrid,29.0,26,16,18,8,0,17,28,60.7,11,29,19,10,27,53,115,2,1.17,0.72,0.81,0.36,0.0,0.77,1.26,0.5,1.31,0.86,0.45,1.22,2.39,5.18,0.09
338,Arkaitz Mariezkurrena,ESP,"FW,MF",Real Sociedad,19.0,1,0,1,0,0,0,4,0.0,4,4,1,3,1,2,4,0,0.37,0.0,0.37,0.0,0.0,0.0,1.48,1.48,1.48,0.37,1.11,0.37,0.74,1.48,0.0
339,Pablo Marín,ESP,MF,Real Sociedad,21.0,25,17,6,13,6,10,19,52.6,9,12,3,9,5,30,14,0,1.81,1.23,0.43,0.94,0.43,0.72,1.38,0.65,0.87,0.22,0.65,0.36,2.17,1.01,0.0
340,Mika Mármol,ESP,DF,Las Palmas,23.0,61,29,35,24,2,34,52,65.4,18,46,14,32,38,99,121,2,2.28,1.09,1.31,0.9,0.07,1.27,1.95,0.67,1.72,0.52,1.2,1.42,3.71,4.53,0.07
341,Mario Maroto,ESP,MF,Valladolid,20.0,0,0,0,0,0,0,2,0.0,2,0,0,0,2,2,2,0,0.0,0.0,0.0,0.0,0.0,0.0,2.86,2.86,0.0,0.0,0.0,2.86,2.86,2.86,0.0
342,Unai Marrero,ESP,GK,Real Sociedad,22.0,0,0,0,0,0,0,0,,0,0,0,0,0,0,1,0,0.0,0.0,0.0,0.0,0.0,0.0,0.0,0.0,0.0,0.0,0.0,0.0,0.0,0.5,0.0
343,Carlos Martín,ESP,"FW,MF",Alavés,22.0,43,21,18,16,9,13,49,26.5,36,30,1,29,5,48,20,0,2.91,1.42,1.22,1.08,0.61,0.88,3.31,2.43,2.03,0.07,1.96,0.34,3.24,1.35,0.0
344,Diego Martín,ESP,FW,Las Palmas,20.0,1,1,0,0,1,1,1,100.0,0,0,0,0,0,1,1,0,2.5,2.5,0.0,0.0,2.5,2.5,2.5,0.0,0.0,0.0,0.0,0.0,2.5,2.5,0.0
345,Gerard Martín,ESP,DF,Barcelona,22.0,22,10,10,7,5,11,16,68.8,5,16,2,14,13,35,27,0,1.91,0.87,0.87,0.61,0.43,0.96,1.39,0.43,1.39,0.17,1.22,1.13,3.04,2.35,0.0
346,Iván Martín,ESP,MF,Girona,25.0,32,19,14,14,4,15,34,44.1,19,20,6,14,11,43,15,1,1.41,0.84,0.62,0.62,0.18,0.66,1.5,0.84,0.88,0.26,0.62,0.48,1.89,0.66,0.04
347,Jon Martin,ESP,DF,Real Sociedad,18.0,11,9,7,3,1,6,9,66.7,3,13,9,4,7,18,80,1,1.1,0.9,0.7,0.3,0.1,0.6,0.9,0.3,1.3,0.9,0.4,0.7,1.8,8.0,0.1
348,Mario Martín,ESP,MF,Valladolid,20.0,62,32,31,27,4,21,49,42.9,28,32,7,25,21,83,46,7,3.2,1.65,1.6,1.39,0.21,1.08,2.53,1.44,1.65,0.36,1.29,1.08,4.28,2.37,0.36
349,Arnau Martinez,ESP,"DF,MF",Girona,21.0,51,28,30,15,6,32,63,50.8,31,18,6,12,31,82,76,2,1.75,0.96,1.03,0.51,0.21,1.1,2.16,1.06,0.62,0.21,0.41,1.06,2.81,2.6,0.07
350,Iñigo Martínez,ESP,DF,Barcelona,33.0,25,14,20,5,0,16,22,72.7,6,18,7,11,18,43,108,1,0.9,0.51,0.72,0.18,0.0,0.58,0.79,0.22,0.65,0.25,0.4,0.65,1.55,3.9,0.04
351,Javi Martínez,ESP,MF,Osasuna,24.0,0,0,0,0,0,0,0,,0,0,0,0,0,0,0,0,0.0,0.0,0.0,0.0,0.0,0.0,0.0,0.0,0.0,0.0,0.0,0.0,0.0,0.0,0.0
352,Ramón Martínez,ESP,DF,Sevilla,21.0,6,3,5,1,0,3,5,60.0,2,2,1,1,2,8,23,0,2.07,1.03,1.72,0.34,0.0,1.03,1.72,0.69,0.69,0.34,0.34,0.69,2.76,7.93,0.0
353,Toni Martínez,ESP,FW,Alavés,27.0,12,7,5,4,3,4,8,50.0,4,8,2,6,1,13,15,0,1.07,0.63,0.45,0.36,0.27,0.36,0.71,0.36,0.71,0.18,0.54,0.09,1.16,1.34,0.0
354,Javi Martón,ESP,"FW,MF",Athletic Club,25.0,0,0,0,0,0,0,0,,0,0,0,0,0,0,0,0,0.0,0.0,0.0,0.0,0.0,0.0,0.0,0.0,0.0,0.0,0.0,0.0,0.0,0.0,0.0
355,Marvin,ESP,"DF,FW",Las Palmas,24.0,25,13,12,9,4,11,26,42.3,15,17,6,11,15,40,34,0,2.17,1.13,1.04,0.78,0.35,0.96,2.26,1.3,1.48,0.52,0.96,1.3,3.48,2.96,0.0
356,Omar Mascarell,EQG,MF,Mallorca,31.0,27,13,13,13,1,14,35,40.0,21,33,21,12,49,76,59,3,1.22,0.59,0.59,0.59,0.05,0.63,1.58,0.95,1.49,0.95,0.54,2.22,3.44,2.67,0.14
357,Jaime Mata,ESP,"FW,MF",Las Palmas,35.0,8,2,2,6,0,3,9,33.3,6,5,1,4,3,11,11,0,1.1,0.27,0.27,0.82,0.0,0.41,1.23,0.82,0.68,0.14,0.55,0.41,1.51,1.51,0.0
358,Borja Mayoral,ESP,FW,Getafe,27.0,5,4,2,2,1,3,9,33.3,6,4,0,4,2,7,6,0,0.4,0.32,0.16,0.16,0.08,0.24,0.73,0.48,0.32,0.0,0.32,0.16,0.56,0.48,0.0
359,Kylian Mbappé,FRA,FW,Real Madrid,25.0,8,5,1,3,4,1,5,20.0,4,3,0,3,1,9,1,1,0.25,0.15,0.03,0.09,0.12,0.03,0.15,0.12,0.09,0.0,0.09,0.03,0.28,0.03,0.03
360,Oliver McBurnie,SCO,FW,Las Palmas,28.0,15,7,5,8,2,5,12,41.7,7,15,5,10,6,21,24,0,0.74,0.34,0.25,0.39,0.1,0.25,0.59,0.34,0.74,0.25,0.49,0.29,1.03,1.18,0.0
361,Scott McKenna,SCO,DF,Las Palmas,27.0,21,13,16,5,0,9,12,75.0,3,36,28,8,9,30,163,2,0.77,0.47,0.58,0.18,0.0,0.33,0.44,0.11,1.31,1.02,0.29,0.33,1.09,5.95,0.07
362,Mateo Mejía,ESP,FW,Sevilla,21.0,0,0,0,0,0,0,0,,0,0,0,0,0,0,0,0,0.0,0.0,0.0,0.0,0.0,0.0,0.0,0.0,0.0,0.0,0.0,0.0,0.0,0.0,0.0
363,Arthur Melo,BRA,MF,Girona,27.0,25,11,8,12,5,14,27,51.9,13,5,1,4,8,33,12,1,2.38,1.05,0.76,1.14,0.48,1.33,2.57,1.24,0.48,0.1,0.38,0.76,3.14,1.14,0.1
364,Brais Méndez,ESP,MF,Real Sociedad,27.0,24,13,6,14,4,9,24,37.5,15,14,1,13,7,31,16,1,1.41,0.76,0.35,0.82,0.24,0.53,1.41,0.88,0.82,0.06,0.76,0.41,1.82,0.94,0.06
365,Ferland Mendy,FRA,DF,Real Madrid,29.0,17,14,7,6,4,9,12,75.0,3,11,4,7,9,26,8,1,1.52,1.25,0.63,0.54,0.36,0.8,1.07,0.27,0.98,0.36,0.63,0.8,2.32,0.71,0.09
366,Nobel Mendy,FRA,DF,Betis,19.0,0,0,0,0,0,0,0,,0,2,0,2,4,4,10,1,0.0,0.0,0.0,0.0,0.0,0.0,0.0,0.0,1.67,0.0,1.67,3.33,3.33,8.33,0.83
367,Víctor Meseguer,ESP,MF,Valladolid,25.0,10,6,4,4,2,2,10,20.0,8,3,0,3,2,12,4,1,2.17,1.3,0.87,0.87,0.43,0.43,2.17,1.74,0.65,0.0,0.65,0.43,2.61,0.87,0.22
368,Miguel,ESP,FW,Leganés,24.0,16,7,6,4,6,4,14,28.6,10,15,4,11,4,20,23,1,0.83,0.36,0.31,0.21,0.31,0.21,0.73,0.52,0.78,0.21,0.57,0.21,1.04,1.2,0.05
369,Éder Militão,BRA,DF,Real Madrid,26.0,19,17,14,5,0,7,12,58.3,5,13,8,5,12,31,35,0,1.83,1.63,1.35,0.48,0.0,0.67,1.15,0.48,1.25,0.77,0.48,1.15,2.98,3.37,0.0
370,Luis Milla,ESP,MF,Getafe,29.0,61,40,28,25,8,35,72,48.6,37,25,0,25,24,85,28,3,1.91,1.25,0.88,0.78,0.25,1.1,2.26,1.16,0.78,0.0,0.78,0.75,2.66,0.88,0.09
371,Pere Milla,ESP,"MF,FW",Espanyol,31.0,6,2,5,0,1,1,18,5.6,17,10,2,8,3,9,5,0,1.18,0.39,0.98,0.0,0.2,0.2,3.53,3.33,1.96,0.39,1.57,0.59,1.76,0.98,0.0
372,Óscar Mingueza,ESP,"MF,DF",Celta Vigo,25.0,38,24,21,12,5,26,69,37.7,43,35,5,30,22,60,46,7,1.25,0.79,0.69,0.4,0.17,0.86,2.28,1.42,1.16,0.17,0.99,0.73,1.98,1.52,0.23
373,Kim Minsu,KOR,"MF,FW",Girona,18.0,1,0,0,1,0,0,0,,0,0,0,0,0,1,0,0,5.0,0.0,0.0,5.0,0.0,0.0,0.0,0.0,0.0,0.0,0.0,0.0,5.0,0.0,0.0
374,Bojan Miovski,MKD,FW,Girona,25.0,7,5,2,2,3,2,7,28.6,5,4,0,4,2,9,7,0,0.72,0.52,0.21,0.21,0.31,0.21,0.72,0.52,0.41,0.0,0.41,0.21,0.93,0.72,0.0
375,Rafa Mir,ESP,"FW,MF",Valencia,27.0,12,6,8,4,0,3,9,33.3,6,5,0,5,5,17,9,0,1.43,0.71,0.95,0.48,0.0,0.36,1.07,0.71,0.6,0.0,0.6,0.6,2.02,1.07,0.0
376,Luka Modrić,CRO,MF,Real Madrid,38.0,31,20,16,13,2,14,32,43.8,18,17,5,12,27,58,17,0,1.53,0.99,0.79,0.64,0.1,0.69,1.58,0.89,0.84,0.25,0.59,1.33,2.86,0.84,0.0
377,Johan Mojica,COL,DF,Mallorca,31.0,35,23,26,6,3,19,40,47.5,21,13,5,8,26,61,84,3,1.14,0.75,0.85,0.2,0.1,0.62,1.31,0.69,0.42,0.16,0.26,0.85,1.99,2.75,0.1
378,Alberto Moleiro,ESP,"FW,MF",Las Palmas,20.0,27,12,12,14,1,18,48,37.5,30,24,0,24,18,45,8,0,0.89,0.4,0.4,0.46,0.03,0.6,1.59,0.99,0.79,0.0,0.79,0.6,1.49,0.26,0.0
379,Nahuel Molina,ARG,DF,Atlético Madrid,26.0,44,19,21,21,2,31,56,55.4,25,16,3,13,13,57,53,0,2.49,1.07,1.19,1.19,0.11,1.75,3.16,1.41,0.9,0.17,0.73,0.73,3.22,2.99,0.0
380,Jon Moncayola,ESP,MF,Osasuna,26.0,70,41,29,33,8,31,60,51.7,29,34,3,31,11,81,20,0,3.0,1.76,1.24,1.42,0.34,1.33,2.58,1.24,1.46,0.13,1.33,0.47,3.48,0.86,0.0
381,Gonzalo Montiel,ARG,"DF,MF",Sevilla,27.0,4,2,3,1,0,3,4,75.0,1,0,0,0,2,6,11,0,3.08,1.54,2.31,0.77,0.0,2.31,3.08,0.77,0.0,0.0,0.0,1.54,4.62,8.46,0.0
382,Gerard Moreno,ESP,FW,Villarreal,32.0,7,4,3,2,2,3,12,25.0,9,0,0,0,2,9,8,0,0.88,0.5,0.38,0.25,0.25,0.38,1.5,1.13,0.0,0.0,0.0,0.25,1.13,1.0,0.0
383,Xavier Moreno,ESP,FW,Valladolid,19.0,0,0,0,0,0,0,0,,0,0,0,0,0,0,1,0,0.0,0.0,0.0,0.0,0.0,0.0,0.0,0.0,0.0,0.0,0.0,0.0,0.0,2.0,0.0
384,Mateu Morey,ESP,DF,Mallorca,24.0,22,18,13,6,3,12,22,54.5,10,11,0,11,15,37,32,2,2.68,2.2,1.59,0.73,0.37,1.46,2.68,1.22,1.34,0.0,1.34,1.83,4.51,3.9,0.24
385,Ilaix Moriba,GUI,MF,Celta Vigo,21.0,68,42,24,30,14,32,57,56.1,25,29,4,25,14,82,33,1,2.87,1.77,1.01,1.27,0.59,1.35,2.41,1.05,1.22,0.17,1.05,0.59,3.46,1.39,0.04
386,Manu Morlanes,ESP,MF,Mallorca,25.0,43,27,18,20,5,18,30,60.0,12,19,8,11,24,67,16,0,2.89,1.81,1.21,1.34,0.34,1.21,2.01,0.81,1.28,0.54,0.74,1.61,4.5,1.07,0.0
387,Raúl Moro,ESP,"MF,FW",Valladolid,21.0,22,13,15,4,3,13,32,40.6,19,8,0,8,10,32,20,1,0.85,0.5,0.58,0.15,0.12,0.5,1.23,0.73,0.31,0.0,0.31,0.38,1.23,0.77,0.04
388,Cristhian Mosquera,ESP,DF,Valencia,20.0,56,36,41,13,2,31,40,77.5,9,37,24,13,35,91,128,4,1.52,0.98,1.11,0.35,0.05,0.84,1.08,0.24,1.0,0.65,0.35,0.95,2.47,3.47,0.11
389,Santiago Mouriño,URU,DF,Alavés,22.0,43,28,31,12,0,21,38,55.3,17,27,12,15,29,72,120,0,2.1,1.37,1.51,0.59,0.0,1.02,1.85,0.83,1.32,0.59,0.73,1.41,3.51,5.85,0.0
390,Abdul Mumin,GHA,DF,Rayo Vallecano,26.0,37,25,30,7,0,17,27,63.0,10,40,29,11,23,60,125,0,1.65,1.12,1.34,0.31,0.0,0.76,1.21,0.45,1.79,1.29,0.49,1.03,2.68,5.58,0.0
391,Aihen Muñoz,ESP,DF,Real Sociedad,26.0,24,12,14,8,2,14,28,50.0,14,11,6,5,14,38,47,0,1.97,0.98,1.15,0.66,0.16,1.15,2.3,1.15,0.9,0.49,0.41,1.15,3.11,3.85,0.0
392,Álex Muñoz,ESP,DF,Las Palmas,30.0,39,29,22,16,1,21,38,55.3,17,28,11,17,16,55,69,0,2.48,1.85,1.4,1.02,0.06,1.34,2.42,1.08,1.78,0.7,1.08,1.02,3.5,4.39,0.0
393,Iker Muñoz,ESP,MF,Osasuna,21.0,5,2,3,2,0,3,9,33.3,6,9,2,7,4,9,12,1,0.74,0.29,0.44,0.29,0.0,0.44,1.32,0.88,1.32,0.29,1.03,0.59,1.32,1.76,0.15
394,Javier Muñoz,ESP,"MF,DF",Las Palmas,29.0,45,35,18,17,10,16,46,34.8,30,27,4,23,31,76,39,3,1.56,1.22,0.63,0.59,0.35,0.56,1.6,1.04,0.94,0.14,0.8,1.08,2.64,1.35,0.1
395,Víctor Muñoz,ESP,"FW,DF",Real Madrid,21.0,0,0,0,0,0,0,0,,0,0,0,0,0,0,0,0,0.0,0.0,0.0,0.0,0.0,0.0,0.0,0.0,0.0,0.0,0.0,0.0,0.0,0.0,0.0
396,Vedat Muriqi,KVX,FW,Mallorca,30.0,7,5,3,2,2,3,7,42.9,4,7,1,6,7,14,43,0,0.31,0.22,0.13,0.09,0.09,0.13,0.31,0.17,0.31,0.04,0.26,0.31,0.61,1.88,0.0
397,Juan Musso,ARG,GK,Atlético Madrid,30.0,0,0,0,0,0,0,0,,0,0,0,0,0,0,0,0,0.0,0.0,0.0,0.0,0.0,0.0,0.0,0.0,0.0,0.0,0.0,0.0,0.0,0.0,0.0
398,Matija Nastasić,SRB,DF,Leganés,31.0,25,11,21,4,0,17,25,68.0,8,39,30,9,21,46,165,0,1.07,0.47,0.9,0.17,0.0,0.73,1.07,0.34,1.67,1.28,0.38,0.9,1.97,7.05,0.0
399,Natan,BRA,DF,Betis,23.0,35,24,24,9,2,26,30,86.7,4,24,14,10,28,63,123,2,1.45,0.99,0.99,0.37,0.08,1.07,1.24,0.17,0.99,0.58,0.41,1.16,2.6,5.08,0.08
400,Pau Navarro,ESP,DF,Villarreal,19.0,23,17,15,6,2,19,39,48.7,20,13,6,7,4,27,41,0,2.25,1.67,1.47,0.59,0.2,1.86,3.82,1.96,1.27,0.59,0.69,0.39,2.65,4.02,0.0
401,Roberto Navarro,ESP,"MF,FW",Mallorca,22.0,29,22,14,11,4,9,19,47.4,10,18,0,18,19,48,12,0,2.04,1.55,0.99,0.77,0.28,0.63,1.34,0.7,1.27,0.0,1.27,1.34,3.38,0.85,0.0
402,Jesús Navas,ESP,"FW,MF",Sevilla,38.0,5,2,3,0,2,0,3,0.0,3,1,0,1,4,9,6,0,1.06,0.43,0.64,0.0,0.43,0.0,0.64,0.64,0.21,0.0,0.21,0.85,1.91,1.28,0.0
403,Yvan Neyou,CMR,MF,Leganés,27.0,53,33,21,26,6,22,47,46.8,25,35,5,30,26,79,38,1,2.06,1.28,0.82,1.01,0.23,0.86,1.83,0.97,1.36,0.19,1.17,1.01,3.07,1.48,0.04
404,Tanguy Nianzou,FRA,DF,Sevilla,22.0,7,5,6,0,1,5,6,83.3,1,1,0,1,8,15,27,0,1.21,0.86,1.03,0.0,0.17,0.86,1.03,0.17,0.17,0.0,0.17,1.38,2.59,4.66,0.0
405,Saúl Ñíguez,ESP,MF,Sevilla,29.0,47,32,16,24,7,12,31,38.7,19,25,2,23,22,69,34,0,2.72,1.85,0.92,1.39,0.4,0.69,1.79,1.1,1.45,0.12,1.33,1.27,3.99,1.97,0.0
406,Tamás Nikitscher,HUN,"MF,DF",Valladolid,24.0,17,8,8,9,0,8,13,61.5,5,17,4,13,11,28,16,1,1.79,0.84,0.84,0.95,0.0,0.84,1.37,0.53,1.79,0.42,1.37,1.16,2.95,1.68,0.11
407,Adrian Niño,ESP,FW,Atlético Madrid,20.0,0,0,0,0,0,0,0,,0,0,0,0,0,0,0,0,0.0,0.0,0.0,0.0,0.0,0.0,0.0,0.0,0.0,0.0,0.0,0.0,0.0,0.0,0.0
408,Hugo Novoa,ESP,"DF,MF",Alavés,21.0,8,5,4,3,1,5,5,100.0,0,2,1,1,0,8,6,0,3.08,1.92,1.54,1.15,0.38,1.92,1.92,0.0,0.77,0.38,0.38,0.0,3.08,2.31,0.0
409,Randy Nteka,ANG,FW,Rayo Vallecano,26.0,16,5,3,9,4,5,12,41.7,7,13,2,11,4,20,20,0,1.28,0.4,0.24,0.72,0.32,0.4,0.96,0.56,1.04,0.16,0.88,0.32,1.6,1.6,0.0
410,Unai Núñez,ESP,DF,Athletic Club,27.0,10,5,7,3,0,4,7,57.1,3,4,4,0,17,27,46,1,1.39,0.69,0.97,0.42,0.0,0.56,0.97,0.42,0.56,0.56,0.0,2.36,3.75,6.39,0.14
411,Ørjan Nyland,NOR,GK,Sevilla,33.0,3,2,3,0,0,3,5,60.0,2,0,0,0,0,3,12,4,0.1,0.07,0.1,0.0,0.0,0.1,0.17,0.07,0.0,0.0,0.0,0.0,0.1,0.4,0.13
412,Allan Nyom,CMR,"DF,MF",Getafe,36.0,18,11,7,9,2,15,17,88.2,2,4,2,2,4,22,23,0,1.82,1.11,0.71,0.91,0.2,1.52,1.72,0.2,0.4,0.2,0.2,0.4,2.22,2.32,0.0
413,Jan Oblak,SVN,GK,Atlético Madrid,31.0,0,0,0,0,0,0,0,,0,0,0,0,0,0,17,2,0.0,0.0,0.0,0.0,0.0,0.0,0.0,0.0,0.0,0.0,0.0,0.0,0.0,0.47,0.06
414,Lucas Ocampos,ARG,FW,Sevilla,30.0,3,2,2,0,1,1,2,50.0,1,2,0,2,0,3,2,0,1.58,1.05,1.05,0.0,0.53,0.53,1.05,0.53,1.05,0.0,1.05,0.0,1.58,1.05,0.0
415,Álvaro Odriozola,ESP,DF,Real Sociedad,28.0,1,1,1,0,0,0,0,,0,0,0,0,0,1,1,0,2.0,2.0,2.0,0.0,0.0,0.0,0.0,0.0,0.0,0.0,0.0,0.0,2.0,2.0,0.0
416,Thiago Ojeda,ARG,MF,Villarreal,21.0,0,0,0,0,0,0,0,,0,0,0,0,0,0,1,0,0.0,0.0,0.0,0.0,0.0,0.0,0.0,0.0,0.0,0.0,0.0,0.0,0.0,10.0,0.0
417,Aingeru Olabarrieta,ESP,FW,Athletic Club,18.0,0,0,0,0,0,0,0,,0,2,0,2,1,1,1,0,0.0,0.0,0.0,0.0,0.0,0.0,0.0,0.0,3.33,0.0,3.33,1.67,1.67,1.67,0.0
418,Olasagasti,ESP,MF,Real Sociedad,23.0,21,10,7,9,5,8,18,44.4,10,8,2,6,15,36,10,0,2.21,1.05,0.74,0.95,0.53,0.84,1.89,1.05,0.84,0.21,0.63,1.58,3.79,1.05,0.0
419,Brian Oliván,ESP,DF,Espanyol,30.0,13,10,7,6,0,4,13,30.8,9,6,2,4,10,23,23,0,1.15,0.88,0.62,0.53,0.0,0.35,1.15,0.8,0.53,0.18,0.35,0.88,2.04,2.04,0.0
420,Lucas Oliveira Rosa,BRA,DF,Valladolid,24.0,53,33,40,11,2,35,51,68.6,16,24,9,15,28,81,69,2,2.52,1.57,1.9,0.52,0.1,1.67,2.43,0.76,1.14,0.43,0.71,1.33,3.86,3.29,0.1
421,Dani Olmo,ESP,"MF,FW",Barcelona,26.0,16,11,8,5,3,4,14,28.6,10,6,3,3,3,19,11,1,1.19,0.81,0.59,0.37,0.22,0.3,1.04,0.74,0.44,0.22,0.22,0.22,1.41,0.81,0.07
422,Aimar Oroz,ESP,MF,Osasuna,22.0,35,19,16,13,6,14,46,30.4,32,29,2,27,20,55,10,0,1.06,0.58,0.48,0.39,0.18,0.42,1.39,0.97,0.88,0.06,0.82,0.61,1.67,0.3,0.0
423,Ángel Ortíz,ESP,DF,Betis,20.0,12,8,8,3,1,8,17,47.1,9,6,0,6,5,17,7,0,3.08,2.05,2.05,0.77,0.26,2.05,4.36,2.31,1.54,0.0,1.54,1.28,4.36,1.79,0.0
424,Gabriel Osei Misehouy,NED,"FW,MF",Girona,19.0,1,1,0,1,0,0,1,0.0,1,0,0,0,0,1,0,0,0.34,0.34,0.0,0.34,0.0,0.0,0.34,0.34,0.0,0.0,0.0,0.0,0.34,0.0,0.0
425,David Otorbi,ESP,MF,Valencia,16.0,0,0,0,0,0,0,0,,0,1,0,1,0,0,0,0,0.0,0.0,0.0,0.0,0.0,0.0,0.0,0.0,5.0,0.0,5.0,0.0,0.0,0.0,0.0
426,Jesús Owono,EQG,GK,Alavés,23.0,1,1,1,0,0,1,1,100.0,0,0,0,0,0,1,2,0,0.19,0.19,0.19,0.0,0.0,0.19,0.19,0.0,0.0,0.0,0.0,0.0,0.19,0.37,0.0
427,Mikel Oyarzabal,ESP,FW,Real Sociedad,27.0,25,16,9,10,6,10,23,43.5,13,17,1,16,4,29,15,0,1.0,0.64,0.36,0.4,0.24,0.4,0.92,0.52,0.68,0.04,0.64,0.16,1.16,0.6,0.0
428,Cenk Özkacar,TUR,DF,Valladolid,23.0,9,5,7,2,0,4,14,28.6,10,9,6,3,18,27,69,1,1.07,0.6,0.83,0.24,0.0,0.48,1.67,1.19,1.07,0.71,0.36,2.14,3.21,8.21,0.12
429,Jon Pacheco,ESP,DF,Real Sociedad,23.0,15,9,12,3,0,10,12,83.3,2,8,6,2,9,24,49,2,1.58,0.95,1.26,0.32,0.0,1.05,1.26,0.21,0.84,0.63,0.21,0.95,2.53,5.16,0.21
430,Alex Padilla,ESP,GK,Athletic Club,20.0,0,0,0,0,0,0,0,,0,0,0,0,0,0,2,1,0.0,0.0,0.0,0.0,0.0,0.0,0.0,0.0,0.0,0.0,0.0,0.0,0.0,0.56,0.28
431,Isaac Palazón Camacho,ESP,"MF,FW",Rayo Vallecano,29.0,22,17,10,6,6,8,34,23.5,26,22,3,19,8,30,13,1,0.92,0.71,0.42,0.25,0.25,0.33,1.42,1.08,0.92,0.13,0.79,0.33,1.25,0.54,0.04
432,Aitor Paredes,ESP,DF,Athletic Club,24.0,15,13,10,5,0,8,15,53.3,7,26,15,11,22,37,114,4,0.75,0.65,0.5,0.25,0.0,0.4,0.75,0.35,1.29,0.75,0.55,1.09,1.84,5.67,0.2
433,Daniel Parejo,ESP,MF,Villarreal,35.0,52,40,27,20,5,29,54,53.7,25,24,7,17,24,76,40,1,2.06,1.58,1.07,0.79,0.2,1.15,2.13,0.99,0.95,0.28,0.67,0.95,3.0,1.58,0.04
434,Iago Parente,ESP,DF,Valladolid,18.0,0,0,0,0,0,0,0,,0,0,0,0,0,0,2,0,0.0,0.0,0.0,0.0,0.0,0.0,0.0,0.0,0.0,0.0,0.0,0.0,0.0,2.5,0.0
435,Álvaro Pascual,ESP,FW,Sevilla,22.0,5,3,0,3,2,1,5,20.0,4,4,0,4,2,7,9,0,1.11,0.67,0.0,0.67,0.44,0.22,1.11,0.89,0.89,0.0,0.89,0.44,1.56,2.0,0.0
436,Alfonso Pedraza,ESP,"DF,MF",Villarreal,28.0,3,2,2,0,1,2,4,50.0,2,3,1,2,6,9,16,0,0.59,0.39,0.39,0.0,0.2,0.39,0.78,0.39,0.59,0.2,0.39,1.18,1.76,3.14,0.0
437,Pedri,ESP,MF,Barcelona,21.0,61,34,14,38,9,24,70,34.3,46,45,3,42,26,87,21,1,1.91,1.06,0.44,1.19,0.28,0.75,2.19,1.44,1.41,0.09,1.31,0.81,2.72,0.66,0.03
438,Adrià Pedrosa,ESP,DF,Sevilla,26.0,56,32,34,16,6,31,54,57.4,23,43,11,32,24,80,85,0,2.2,1.25,1.33,0.63,0.24,1.22,2.12,0.9,1.69,0.43,1.25,0.94,3.14,3.33,0.0
439,Pejiño,ESP,FW,Las Palmas,28.0,1,1,0,1,0,1,1,100.0,0,0,0,0,0,1,0,0,5.0,5.0,0.0,5.0,0.0,5.0,5.0,0.0,0.0,0.0,0.0,0.0,5.0,0.0,0.0
440,Andy Pelmard,FRA,DF,Las Palmas,24.0,5,0,3,2,0,4,5,80.0,1,3,1,2,2,7,20,0,2.17,0.0,1.3,0.87,0.0,1.74,2.17,0.43,1.3,0.43,0.87,0.87,3.04,8.7,0.0
441,Iñaki Peña,ESP,GK,Barcelona,25.0,0,0,0,0,0,0,2,0.0,2,0,0,0,0,0,20,1,0.0,0.0,0.0,0.0,0.0,0.0,0.13,0.13,0.0,0.0,0.0,0.0,0.0,1.29,0.06
442,Rubén Peña,ESP,"FW,DF",Osasuna,33.0,12,5,4,3,5,5,24,20.8,19,11,0,11,6,18,12,0,1.4,0.58,0.47,0.35,0.58,0.58,2.79,2.21,1.28,0.0,1.28,0.7,2.09,1.4,0.0
443,Nicolas Pépé,CIV,"FW,MF",Villarreal,29.0,22,9,12,6,4,6,17,35.3,11,12,1,11,5,27,12,0,1.32,0.54,0.72,0.36,0.24,0.36,1.02,0.66,0.72,0.06,0.66,0.3,1.62,0.72,0.0
444,Peque,ESP,"MF,FW",Sevilla,21.0,16,5,4,10,2,7,17,41.2,10,16,0,16,8,24,5,0,1.27,0.4,0.32,0.79,0.16,0.56,1.35,0.79,1.27,0.0,1.27,0.63,1.9,0.4,0.0
445,Ayoze Pérez,ESP,FW,Villarreal,31.0,27,14,5,18,4,6,24,25.0,18,17,0,17,8,35,15,0,1.23,0.64,0.23,0.82,0.18,0.27,1.1,0.82,0.78,0.0,0.78,0.37,1.6,0.68,0.0
446,Carles Pérez,ESP,"MF,FW",Getafe,26.0,33,23,11,14,8,21,48,43.8,27,19,2,17,6,39,22,0,2.08,1.45,0.69,0.88,0.5,1.32,3.02,1.7,1.19,0.13,1.07,0.38,2.45,1.38,0.0
447,Francisco Perez,ESP,"FW,MF",Valencia,21.0,17,12,7,8,2,10,16,62.5,6,8,1,7,3,20,6,0,2.7,1.9,1.11,1.27,0.32,1.59,2.54,0.95,1.27,0.16,1.11,0.48,3.17,0.95,0.0
448,Kike Pérez,ESP,MF,Valladolid,27.0,37,26,15,19,3,15,26,57.7,11,16,4,12,7,44,18,0,2.8,1.97,1.14,1.44,0.23,1.14,1.97,0.83,1.21,0.3,0.91,0.53,3.33,1.36,0.0
449,Luis Pérez,ESP,DF,Valladolid,29.0,41,30,25,11,5,24,40,60.0,16,26,9,17,29,70,86,0,1.44,1.06,0.88,0.39,0.18,0.85,1.41,0.56,0.92,0.32,0.6,1.02,2.46,3.03,0.0
450,Romain Perraud,FRA,DF,Betis,26.0,36,22,15,16,5,21,46,45.7,25,18,4,14,22,58,71,1,1.62,0.99,0.68,0.72,0.23,0.95,2.07,1.13,0.81,0.18,0.63,0.99,2.61,3.2,0.05
451,Valentín Pezzolesi,ESP,DF,Las Palmas,17.0,0,0,0,0,0,0,0,,0,0,0,0,0,0,1,1,0.0,0.0,0.0,0.0,0.0,0.0,0.0,0.0,0.0,0.0,0.0,0.0,0.0,10.0,10.0
452,Pica,ESP,DF,Alavés,22.0,9,7,7,2,0,4,9,44.4,5,7,6,1,9,18,26,0,1.64,1.27,1.27,0.36,0.0,0.73,1.64,0.91,1.27,1.09,0.18,1.64,3.27,4.73,0.0
453,Yeremi Pino,ESP,"MF,FW",Villarreal,21.0,60,32,20,32,8,32,65,49.2,33,38,3,35,8,68,18,0,2.79,1.49,0.93,1.49,0.37,1.49,3.02,1.53,1.77,0.14,1.63,0.37,3.16,0.84,0.0
454,Portu,ESP,"FW,MF",Girona,32.0,13,7,5,5,3,7,10,70.0,3,8,0,8,0,13,2,0,1.49,0.8,0.57,0.57,0.34,0.8,1.15,0.34,0.92,0.0,0.92,0.0,1.49,0.23,0.0
455,Beñat Prados,ESP,MF,Athletic Club,23.0,55,36,20,27,8,25,53,47.2,28,21,2,19,28,83,26,0,2.88,1.88,1.05,1.41,0.42,1.31,2.77,1.47,1.1,0.1,0.99,1.47,4.35,1.36,0.0
456,Abdón Prats,ESP,"FW,MF",Mallorca,31.0,2,1,1,1,0,1,2,50.0,1,2,1,1,1,3,5,0,0.39,0.2,0.2,0.2,0.0,0.2,0.39,0.2,0.39,0.2,0.2,0.2,0.59,0.98,0.0
457,Javi Puado,ESP,"FW,MF",Espanyol,26.0,22,17,14,4,4,8,20,40.0,12,18,3,15,5,27,19,0,0.67,0.52,0.42,0.12,0.12,0.24,0.61,0.36,0.55,0.09,0.45,0.15,0.82,0.58,0.0
458,Dani Raba,ESP,"FW,MF",Leganés,28.0,37,23,17,15,5,17,42,40.5,25,27,3,24,14,51,19,1,1.77,1.1,0.81,0.72,0.24,0.81,2.01,1.2,1.29,0.14,1.15,0.67,2.44,0.91,0.05
459,Arnau Rafús,ESP,GK,Valladolid,21.0,0,0,0,0,0,0,0,,0,0,0,0,0,0,0,1,0.0,0.0,0.0,0.0,0.0,0.0,0.0,0.0,0.0,0.0,0.0,0.0,0.0,0.0,1.0
460,Antonio Raillo,ESP,DF,Mallorca,32.0,31,18,18,10,3,14,20,70.0,6,51,38,13,29,60,222,1,0.87,0.51,0.51,0.28,0.08,0.39,0.56,0.17,1.43,1.07,0.37,0.81,1.69,6.24,0.03
461,Benito Ramírez,ESP,"DF,FW",Las Palmas,29.0,10,5,4,6,0,9,16,56.3,7,8,3,5,1,11,14,1,1.89,0.94,0.75,1.13,0.0,1.7,3.02,1.32,1.51,0.57,0.94,0.19,2.08,2.64,0.19
462,Sandro Ramírez,ESP,"FW,MF",Las Palmas,29.0,27,15,10,13,4,13,30,43.3,17,20,0,20,16,43,22,2,1.19,0.66,0.44,0.58,0.18,0.58,1.33,0.75,0.88,0.0,0.88,0.71,1.9,0.97,0.09
463,Jacobo Ramón,ESP,DF,Real Madrid,19.0,7,3,4,3,0,2,2,100.0,0,1,0,1,3,10,8,2,3.04,1.3,1.74,1.3,0.0,0.87,0.87,0.0,0.43,0.0,0.43,1.3,4.35,3.48,0.87
464,Raphinha,BRA,"FW,MF",Barcelona,27.0,36,22,6,19,11,19,39,48.7,20,29,2,27,11,47,26,0,1.14,0.7,0.19,0.6,0.35,0.6,1.24,0.63,0.92,0.06,0.86,0.35,1.49,0.83,0.0
465,Andrei Ratiu,ROU,DF,Rayo Vallecano,26.0,71,41,40,21,10,42,70,60.0,28,45,5,40,27,98,73,2,2.08,1.2,1.17,0.62,0.29,1.23,2.05,0.82,1.32,0.15,1.17,0.79,2.87,2.14,0.06
466,Raúl,ESP,"FW,MF",Osasuna,23.0,13,8,3,6,4,5,10,50.0,5,4,0,4,0,13,6,0,1.57,0.96,0.36,0.72,0.48,0.6,1.2,0.6,0.48,0.0,0.48,0.0,1.57,0.72,0.0
467,Abderrahman Rebbach,ALG,"FW,MF",Alavés,25.0,3,2,3,0,0,0,6,0.0,6,4,0,4,0,3,6,0,0.7,0.47,0.7,0.0,0.0,0.0,1.4,1.4,0.93,0.0,0.93,0.0,0.7,1.4,0.0
468,Álex Remiro,ESP,GK,Real Sociedad,29.0,1,0,1,0,0,1,2,50.0,1,0,0,0,0,1,18,4,0.03,0.0,0.03,0.0,0.0,0.03,0.06,0.03,0.0,0.0,0.0,0.0,0.03,0.5,0.11
469,Daniel Requena,ESP,MF,Villarreal,20.0,0,0,0,0,0,0,0,,0,0,0,0,0,0,0,0,0.0,0.0,0.0,0.0,0.0,0.0,0.0,0.0,0.0,0.0,0.0,0.0,0.0,0.0,0.0
470,Diego Rico,ESP,DF,Getafe,31.0,81,49,47,29,5,47,85,55.3,38,41,3,38,34,115,102,2,2.59,1.57,1.5,0.93,0.16,1.5,2.72,1.21,1.31,0.1,1.21,1.09,3.67,3.26,0.06
471,Luis Rioja,ESP,FW,Alavés,30.0,2,1,0,1,1,1,2,50.0,1,2,0,2,0,2,0,0,6.67,3.33,0.0,3.33,3.33,3.33,6.67,3.33,6.67,0.0,6.67,0.0,6.67,0.0,0.0
472,Luis Rioja,ESP,"MF,FW",Valencia,30.0,33,21,14,12,7,14,42,33.3,28,30,1,29,22,55,44,1,1.05,0.67,0.44,0.38,0.22,0.44,1.33,0.89,0.95,0.03,0.92,0.7,1.75,1.4,0.03
473,Rodrigo Riquelme,ESP,"MF,DF",Atlético Madrid,24.0,11,5,4,6,1,6,11,54.5,5,3,0,3,2,13,3,0,1.93,0.88,0.7,1.05,0.18,1.05,1.93,0.88,0.53,0.0,0.53,0.35,2.28,0.53,0.0
474,Alberto Risco,ESP,"MF,FW",Getafe,18.0,4,4,2,0,2,1,6,16.7,5,2,0,2,0,4,0,0,5.0,5.0,2.5,0.0,2.5,1.25,7.5,6.25,2.5,0.0,2.5,0.0,5.0,0.0,0.0
475,Mihailo Ristić,SRB,"DF,MF",Celta Vigo,28.0,7,7,4,2,1,4,6,66.7,2,1,0,1,2,9,18,0,1.46,1.46,0.83,0.42,0.21,0.83,1.25,0.42,0.21,0.0,0.21,0.42,1.88,3.75,0.0
476,Gorka Rivera Alonso,ESP,"DF,MF",Getafe,19.0,2,0,0,2,0,2,2,100.0,0,0,0,0,0,2,0,0,10.0,0.0,0.0,10.0,0.0,10.0,10.0,0.0,0.0,0.0,0.0,0.0,10.0,0.0,0.0
477,Marc Roca,ESP,MF,Betis,27.0,20,14,10,9,1,9,17,52.9,8,17,5,12,14,34,14,2,1.98,1.39,0.99,0.89,0.1,0.89,1.68,0.79,1.68,0.5,1.19,1.39,3.37,1.39,0.2
478,Rodri,ESP,FW,Betis,24.0,2,1,1,1,0,1,2,50.0,1,2,1,1,1,3,1,1,1.54,0.77,0.77,0.77,0.0,0.77,1.54,0.77,1.54,0.77,0.77,0.77,2.31,0.77,0.77
479,Adrian Rodriguez,ESP,GK,Alavés,23.0,0,0,0,0,0,0,1,0.0,1,0,0,0,0,0,3,1,0.0,0.0,0.0,0.0,0.0,0.0,0.71,0.71,0.0,0.0,0.0,0.0,0.0,2.14,0.71
480,Álvaro Rodríguez,URU,FW,Getafe,20.0,10,7,0,7,3,5,10,50.0,5,23,0,23,3,13,12,0,1.05,0.74,0.0,0.74,0.32,0.53,1.05,0.53,2.42,0.0,2.42,0.32,1.37,1.26,0.0
481,Óscar Rodríguez Arnaiz,ESP,"MF,FW",Leganés,26.0,32,17,10,16,6,14,32,43.8,18,10,1,9,20,52,20,0,2.16,1.15,0.68,1.08,0.41,0.95,2.16,1.22,0.68,0.07,0.61,1.35,3.51,1.35,0.0
482,Arturo Rodríguez,ESP,FW,Las Palmas,17.0,0,0,0,0,0,0,0,,0,0,0,0,0,0,0,0,0.0,0.0,0.0,0.0,0.0,0.0,0.0,0.0,0.0,0.0,0.0,0.0,0.0,0.0,0.0
483,Damián Rodríguez,ESP,MF,Celta Vigo,21.0,14,9,3,10,1,6,16,37.5,10,6,1,5,7,21,13,0,1.36,0.87,0.29,0.97,0.1,0.58,1.55,0.97,0.58,0.1,0.49,0.68,2.04,1.26,0.0
484,Dani Rodríguez,ESP,"MF,FW",Mallorca,36.0,49,29,18,21,10,14,27,51.9,13,22,3,19,12,61,30,0,2.04,1.21,0.75,0.88,0.42,0.58,1.13,0.54,0.92,0.13,0.79,0.5,2.54,1.25,0.0
485,Daniel Rodriguez,ESP,FW,Barcelona,18.0,0,0,0,0,0,0,0,,0,1,0,1,0,0,0,0,0.0,0.0,0.0,0.0,0.0,0.0,0.0,0.0,2.5,0.0,2.5,0.0,0.0,0.0,0.0
486,James Rodríguez,COL,"MF,FW",Rayo Vallecano,33.0,3,2,1,2,0,0,2,0.0,2,2,0,2,1,4,0,0,1.88,1.25,0.63,1.25,0.0,0.0,1.25,1.25,1.25,0.0,1.25,0.63,2.5,0.0,0.0
487,Javi Rodríguez,ESP,DF,Celta Vigo,21.0,53,38,35,17,1,33,47,70.2,14,29,10,19,33,86,96,2,1.9,1.36,1.25,0.61,0.04,1.18,1.68,0.5,1.04,0.36,0.68,1.18,3.08,3.44,0.07
488,Jesus Rodríguez,ESP,FW,Betis,18.0,16,14,6,6,4,5,18,27.8,13,16,0,16,6,22,3,0,1.3,1.14,0.49,0.49,0.33,0.41,1.46,1.06,1.3,0.0,1.3,0.49,1.79,0.24,0.0
489,Kirian Rodríguez,ESP,MF,Las Palmas,28.0,33,17,12,18,3,22,43,51.2,21,22,4,18,10,43,21,0,1.69,0.87,0.62,0.92,0.15,1.13,2.21,1.08,1.13,0.21,0.92,0.51,2.21,1.08,0.0
490,Ricardo Rodríguez,SUI,DF,Betis,31.0,28,15,16,5,7,17,26,65.4,9,10,1,9,8,36,51,0,1.97,1.06,1.13,0.35,0.49,1.2,1.83,0.63,0.7,0.07,0.63,0.56,2.54,3.59,0.0
491,Rodrygo,BRA,"FW,MF",Real Madrid,23.0,21,14,14,5,2,7,23,30.4,16,18,1,17,11,32,9,0,0.98,0.65,0.65,0.23,0.09,0.33,1.07,0.75,0.84,0.05,0.79,0.51,1.5,0.42,0.0
492,Leo Román,ESP,GK,Mallorca,24.0,0,0,0,0,0,0,0,,0,0,0,0,0,0,6,0,0.0,0.0,0.0,0.0,0.0,0.0,0.0,0.0,0.0,0.0,0.0,0.0,0.0,0.86,0.0
493,Carlos Romero,ESP,DF,Espanyol,22.0,73,47,49,16,8,45,82,54.9,37,50,15,35,30,103,102,1,2.57,1.65,1.73,0.56,0.28,1.58,2.89,1.3,1.76,0.53,1.23,1.06,3.63,3.59,0.04
494,Isaac Romero,ESP,FW,Sevilla,24.0,13,7,4,4,5,3,16,18.8,13,18,1,17,7,20,27,0,0.54,0.29,0.17,0.17,0.21,0.13,0.67,0.54,0.75,0.04,0.71,0.29,0.83,1.13,0.0
495,Luka Romero,ARG,"FW,MF",Alavés,19.0,4,4,1,1,2,2,3,66.7,1,2,0,2,1,5,0,0,1.82,1.82,0.45,0.45,0.91,0.91,1.36,0.45,0.91,0.0,0.91,0.45,2.27,0.0,0.0
496,Oriol Romeu,ESP,MF,Girona,32.0,38,25,14,19,5,14,26,53.8,12,22,8,14,12,50,20,4,2.52,1.66,0.93,1.26,0.33,0.93,1.72,0.79,1.46,0.53,0.93,0.79,3.31,1.32,0.26
497,Vitor Roque,BRA,FW,Betis,19.0,11,6,1,6,4,1,5,20.0,4,5,0,5,7,18,4,0,0.8,0.44,0.07,0.44,0.29,0.07,0.36,0.29,0.36,0.0,0.36,0.51,1.31,0.29,0.0
498,Valentin Rosier,FRA,DF,Leganés,27.0,72,52,48,16,8,43,68,63.2,25,40,15,25,52,124,149,2,2.5,1.81,1.67,0.56,0.28,1.49,2.36,0.87,1.39,0.52,0.87,1.81,4.31,5.17,0.07
499,Antonio Rüdiger,GER,DF,Real Madrid,31.0,20,13,14,6,0,11,15,73.3,4,22,14,8,9,29,96,1,0.78,0.51,0.55,0.24,0.0,0.43,0.59,0.16,0.86,0.55,0.31,0.35,1.14,3.76,0.04
500,Aitor Ruibal,ESP,"DF,FW",Betis,28.0,32,23,22,4,6,25,47,53.2,22,20,5,15,14,46,40,1,2.19,1.58,1.51,0.27,0.41,1.71,3.22,1.51,1.37,0.34,1.03,0.96,3.15,2.74,0.07
501,Abel Ruiz,ESP,FW,Girona,24.0,6,2,2,2,2,2,5,40.0,3,7,2,5,5,11,7,0,0.4,0.13,0.13,0.13,0.13,0.13,0.33,0.2,0.47,0.13,0.33,0.33,0.73,0.47,0.0
502,Ferrán Ruiz,ESP,MF,Girona,21.0,0,0,0,0,0,0,0,,0,2,1,1,1,1,0,0,0.0,0.0,0.0,0.0,0.0,0.0,0.0,0.0,10.0,5.0,5.0,5.0,5.0,0.0,0.0
503,Youssouf Sabaly,SEN,DF,Betis,31.0,40,25,21,15,4,24,32,75.0,8,21,4,17,13,53,40,0,2.27,1.42,1.19,0.85,0.23,1.36,1.82,0.45,1.19,0.23,0.97,0.74,3.01,2.27,0.0
504,Umar Sadiq,NGA,FW,Valencia,27.0,10,5,3,5,2,4,6,66.7,2,7,0,7,1,11,7,0,1.09,0.54,0.33,0.54,0.22,0.43,0.65,0.22,0.76,0.0,0.76,0.11,1.2,0.76,0.0
505,Umar Sadiq,NGA,FW,Real Sociedad,27.0,2,1,1,1,0,1,2,50.0,1,3,1,2,1,3,2,0,0.8,0.4,0.4,0.4,0.0,0.4,0.8,0.4,1.2,0.4,0.8,0.4,1.2,0.8,0.0
506,Jorge Sáenz,ESP,DF,Leganés,27.0,37,23,18,18,1,11,20,55.0,9,26,17,9,25,62,161,0,1.97,1.22,0.96,0.96,0.05,0.59,1.06,0.48,1.38,0.9,0.48,1.33,3.3,8.56,0.0
507,Jan Salas,ESP,"MF,FW",Mallorca,18.0,3,1,2,1,0,2,2,100.0,0,0,0,0,0,3,0,0,6.0,2.0,4.0,2.0,0.0,4.0,4.0,0.0,0.0,0.0,0.0,0.0,6.0,0.0,0.0
508,Kike Salas,ESP,DF,Sevilla,22.0,47,28,24,16,7,27,46,58.7,19,26,14,12,32,79,146,0,1.89,1.12,0.96,0.64,0.28,1.08,1.85,0.76,1.04,0.56,0.48,1.29,3.17,5.86,0.0
509,Albert Sambi Lokonga,BEL,MF,Sevilla,24.0,22,15,10,9,3,10,14,71.4,4,13,1,12,9,31,24,3,1.35,0.92,0.61,0.55,0.18,0.61,0.86,0.25,0.8,0.06,0.74,0.55,1.9,1.47,0.18
510,Chuky san jose,ESP,MF,Valladolid,20.0,8,2,3,3,2,2,9,22.2,7,4,1,3,0,8,4,0,0.99,0.25,0.37,0.37,0.25,0.25,1.11,0.86,0.49,0.12,0.37,0.0,0.99,0.49,0.0
511,Oihan Sancet,ESP,MF,Athletic Club,24.0,13,8,6,6,1,5,14,35.7,9,10,0,10,5,18,6,0,0.72,0.44,0.33,0.33,0.06,0.28,0.78,0.5,0.56,0.0,0.56,0.28,1.0,0.33,0.0
512,Antonio Sánchez,ESP,"MF,DF",Mallorca,27.0,28,16,16,8,4,14,36,38.9,22,16,2,14,18,46,36,1,1.81,1.03,1.03,0.52,0.26,0.9,2.32,1.42,1.03,0.13,0.9,1.16,2.97,2.32,0.06
513,Iván Sánchez,ESP,"MF,FW",Valladolid,31.0,37,20,18,10,9,12,27,44.4,15,18,3,15,14,51,10,0,2.37,1.28,1.15,0.64,0.58,0.77,1.73,0.96,1.15,0.19,0.96,0.9,3.27,0.64,0.0
514,Javi Sánchez,ESP,DF,Valladolid,27.0,26,16,19,6,1,17,26,65.4,9,39,28,11,22,48,111,3,1.16,0.71,0.84,0.27,0.04,0.76,1.16,0.4,1.73,1.24,0.49,0.98,2.13,4.93,0.13
515,Juanlu Sánchez,ESP,"MF,DF",Sevilla,20.0,50,34,28,15,7,35,59,59.3,24,27,2,25,17,67,19,0,2.62,1.78,1.47,0.79,0.37,1.83,3.09,1.26,1.41,0.1,1.31,0.89,3.51,0.99,0.0
516,Manu Sánchez,ESP,DF,Alavés,23.0,83,56,40,33,10,41,69,59.4,28,51,12,39,30,113,76,1,2.83,1.91,1.37,1.13,0.34,1.4,2.35,0.96,1.74,0.41,1.33,1.02,3.86,2.59,0.03
517,Maroan Sannadi,ESP,FW,Athletic Club,23.0,5,0,1,4,0,2,7,28.6,5,1,0,1,1,6,2,1,0.6,0.0,0.12,0.48,0.0,0.24,0.83,0.6,0.12,0.0,0.12,0.12,0.71,0.24,0.12
518,Jesús Santiago,ESP,MF,Getafe,20.0,14,8,6,8,0,5,10,50.0,5,6,2,4,1,15,3,0,3.41,1.95,1.46,1.95,0.0,1.22,2.44,1.22,1.46,0.49,0.98,0.24,3.66,0.73,0.0
519,Aleksandar Sedlar,SRB,DF,Alavés,32.0,18,10,7,11,0,8,10,80.0,2,2,1,1,10,28,24,1,2.73,1.52,1.06,1.67,0.0,1.21,1.52,0.3,0.3,0.15,0.15,1.52,4.24,3.64,0.15
520,Sergi,ESP,DF,Leganés,32.0,40,29,22,16,2,18,32,56.3,14,38,29,9,39,79,185,2,1.22,0.88,0.67,0.49,0.06,0.55,0.97,0.43,1.16,0.88,0.27,1.19,2.4,5.62,0.06
521,Nicolás Serrano,ESP,FW,Athletic Club,21.0,1,1,0,1,0,1,3,33.3,2,4,0,4,1,2,1,0,0.83,0.83,0.0,0.83,0.0,0.83,2.5,1.67,3.33,0.0,3.33,0.83,1.67,0.83,0.0
522,Fábio Silva,POR,FW,Las Palmas,22.0,12,7,4,5,3,4,14,28.6,10,12,0,12,4,16,27,0,0.58,0.34,0.19,0.24,0.14,0.19,0.68,0.48,0.58,0.0,0.58,0.19,0.77,1.3,0.0
523,Rui Silva,POR,GK,Betis,30.0,0,0,0,0,0,0,1,0.0,1,1,0,1,0,0,7,0,0.0,0.0,0.0,0.0,0.0,0.0,0.07,0.07,0.07,0.0,0.07,0.0,0.0,0.47,0.0
524,Giuliano Simeone,ARG,MF,Atlético Madrid,21.0,27,13,6,11,10,15,30,50.0,15,22,3,19,14,41,22,1,1.26,0.61,0.28,0.51,0.47,0.7,1.4,0.7,1.03,0.14,0.89,0.65,1.92,1.03,0.05
525,Unai Simón,ESP,GK,Athletic Club,27.0,0,0,0,0,0,0,0,,0,1,0,1,1,1,14,4,0.0,0.0,0.0,0.0,0.0,0.0,0.0,0.0,0.05,0.0,0.05,0.05,0.05,0.67,0.19
526,Daley Sinkgraven,NED,DF,Las Palmas,29.0,5,1,3,2,0,1,3,33.3,2,1,0,1,1,6,2,0,5.0,1.0,3.0,2.0,0.0,1.0,3.0,2.0,1.0,0.0,1.0,1.0,6.0,2.0,0.0
527,Jailson Siqueira,BRA,"DF,MF",Celta Vigo,28.0,13,11,9,3,1,9,11,81.8,2,6,4,2,9,22,28,1,1.91,1.62,1.32,0.44,0.15,1.32,1.62,0.29,0.88,0.59,0.29,1.32,3.24,4.12,0.15
528,Antonio Sivera,ESP,GK,Alavés,27.0,2,1,2,0,0,2,2,100.0,0,1,0,1,0,2,20,0,0.06,0.03,0.06,0.0,0.0,0.06,0.06,0.0,0.03,0.0,0.03,0.0,0.06,0.64,0.0
529,Justin Smith,CAN,MF,Espanyol,21.0,9,3,3,6,0,4,6,66.7,2,5,1,4,4,13,3,0,3.91,1.3,1.3,2.61,0.0,1.74,2.61,0.87,2.17,0.43,1.74,1.74,5.65,1.3,0.0
530,Alex Sola,ESP,"MF,FW",Getafe,25.0,21,14,9,12,0,9,25,36.0,16,8,0,8,7,28,11,1,1.84,1.23,0.79,1.05,0.0,0.79,2.19,1.4,0.7,0.0,0.7,0.61,2.46,0.96,0.09
531,Arnau Solà,ESP,MF,Villarreal,21.0,0,0,0,0,0,0,2,0.0,2,1,1,0,0,0,0,0,0.0,0.0,0.0,0.0,0.0,0.0,20.0,20.0,10.0,10.0,0.0,0.0,0.0,0.0,0.0
532,Jhon Solis,COL,MF,Girona,19.0,13,7,3,9,1,6,14,42.9,8,13,1,12,4,17,6,1,2.2,1.19,0.51,1.53,0.17,1.02,2.37,1.36,2.2,0.17,2.03,0.68,2.88,1.02,0.17
533,David Soria,ESP,GK,Getafe,31.0,4,4,4,0,0,4,5,80.0,1,0,0,0,1,5,21,3,0.11,0.11,0.11,0.0,0.0,0.11,0.13,0.03,0.0,0.0,0.0,0.03,0.13,0.55,0.08
534,Juan Soriano,ESP,GK,Leganés,26.0,1,1,1,0,0,1,1,100.0,0,0,0,0,0,1,2,0,0.17,0.17,0.17,0.0,0.0,0.17,0.17,0.0,0.0,0.0,0.0,0.0,0.17,0.33,0.0
535,Hugo Sotelo,ESP,MF,Celta Vigo,20.0,28,17,8,10,10,13,31,41.9,18,9,1,8,5,33,9,1,2.01,1.22,0.58,0.72,0.72,0.94,2.23,1.29,0.65,0.07,0.58,0.36,2.37,0.65,0.07
536,Djibril Sow,SUI,MF,Sevilla,27.0,25,14,13,10,2,8,17,47.1,9,18,3,15,28,53,26,1,1.09,0.61,0.57,0.44,0.09,0.35,0.74,0.39,0.79,0.13,0.66,1.22,2.31,1.14,0.04
537,Carl Starfelt,SWE,DF,Celta Vigo,29.0,40,20,25,14,1,18,27,66.7,9,29,21,8,31,71,129,3,1.59,0.79,0.99,0.56,0.04,0.71,1.07,0.36,1.15,0.83,0.32,1.23,2.82,5.12,0.12
538,Orri Steinn Óskarsson,ISL,FW,Real Sociedad,19.0,6,6,2,1,3,2,8,25.0,6,10,1,9,2,8,11,0,0.57,0.57,0.19,0.1,0.29,0.19,0.76,0.57,0.95,0.1,0.86,0.19,0.76,1.05,0.0
539,Stoichkov,ESP,"MF,FW",Alavés,30.0,14,9,6,7,1,6,11,54.5,5,2,0,2,1,15,7,0,1.79,1.15,0.77,0.9,0.13,0.77,1.41,0.64,0.26,0.0,0.26,0.13,1.92,0.9,0.0
540,Cristhian Stuani,URU,FW,Girona,37.0,9,7,1,7,1,5,8,62.5,3,4,1,3,7,16,11,0,0.75,0.58,0.08,0.58,0.08,0.42,0.67,0.25,0.33,0.08,0.25,0.58,1.33,0.92,0.0
541,Álex Suárez,ESP,DF,Las Palmas,31.0,40,23,30,9,1,20,27,74.1,7,39,24,15,13,53,107,2,1.47,0.84,1.1,0.33,0.04,0.73,0.99,0.26,1.43,0.88,0.55,0.48,1.94,3.92,0.07
542,Denis Suárez,ESP,MF,Villarreal,30.0,12,8,7,2,3,4,10,40.0,6,4,1,3,3,15,3,0,1.76,1.18,1.03,0.29,0.44,0.59,1.47,0.88,0.59,0.15,0.44,0.44,2.21,0.44,0.0
543,Luka Sučić,CRO,MF,Real Sociedad,21.0,25,18,8,12,5,10,26,38.5,16,30,2,28,15,40,16,1,1.26,0.9,0.4,0.6,0.25,0.5,1.31,0.8,1.51,0.1,1.41,0.75,2.01,0.8,0.05
544,Suso,ESP,"FW,MF",Sevilla,30.0,10,7,3,6,1,4,11,36.4,7,4,0,4,4,14,2,0,1.49,1.04,0.45,0.9,0.15,0.6,1.64,1.04,0.6,0.0,0.6,0.6,2.09,0.3,0.0
545,Williot Swedberg,SWE,"FW,MF",Celta Vigo,20.0,23,16,9,10,4,13,20,65.0,7,12,1,11,3,26,10,1,1.53,1.07,0.6,0.67,0.27,0.87,1.33,0.47,0.8,0.07,0.73,0.2,1.73,0.67,0.07
546,Mamadou Sylla,SEN,"FW,MF",Valladolid,30.0,8,4,3,3,2,2,9,22.2,7,8,0,8,3,11,14,1,0.45,0.23,0.17,0.17,0.11,0.11,0.51,0.4,0.45,0.0,0.45,0.17,0.63,0.8,0.06
547,Wojciech Szczęsny,POL,GK,Barcelona,34.0,1,1,1,0,0,0,0,,0,0,0,0,0,1,20,1,0.07,0.07,0.07,0.0,0.0,0.0,0.0,0.0,0.0,0.0,0.0,0.0,0.07,1.33,0.07
548,Alexander Sørloth,NOR,FW,Atlético Madrid,28.0,9,5,2,5,2,3,6,50.0,3,6,1,5,1,10,28,0,0.52,0.29,0.11,0.29,0.11,0.17,0.34,0.17,0.34,0.06,0.29,0.06,0.57,1.61,0.0
549,Renato Tapia,PER,"MF,DF",Leganés,29.0,61,35,30,27,4,24,50,48.0,26,58,23,35,27,88,86,2,2.27,1.3,1.12,1.0,0.15,0.89,1.86,0.97,2.16,0.86,1.3,1.0,3.27,3.2,0.07
550,César Tárrega,ESP,DF,Valencia,22.0,49,37,33,13,3,19,31,61.3,12,41,20,21,22,71,222,2,1.46,1.1,0.98,0.39,0.09,0.57,0.92,0.36,1.22,0.6,0.63,0.65,2.11,6.61,0.06
551,Aurélien Tchouaméni,FRA,"DF,MF",Real Madrid,24.0,47,23,25,19,3,21,41,51.2,20,34,25,9,46,93,92,1,1.57,0.77,0.84,0.64,0.1,0.7,1.37,0.67,1.14,0.84,0.3,1.54,3.11,3.08,0.03
552,Álvaro Tejero,ESP,"MF,DF",Espanyol,28.0,14,4,7,6,1,7,23,30.4,16,9,1,8,13,27,34,1,1.01,0.29,0.51,0.43,0.07,0.51,1.67,1.16,0.65,0.07,0.58,0.94,1.96,2.46,0.07
553,Martín Tejón,ESP,"MF,DF",Valencia,20.0,2,0,0,2,0,1,2,50.0,1,0,0,0,0,2,0,0,4.0,0.0,0.0,4.0,0.0,2.0,4.0,2.0,0.0,0.0,0.0,0.0,4.0,0.0,0.0
554,Nahuel Tenaglia,ARG,DF,Alavés,28.0,96,61,61,30,5,53,88,60.2,35,33,9,24,47,143,123,2,2.95,1.88,1.88,0.92,0.15,1.63,2.71,1.08,1.02,0.28,0.74,1.45,4.4,3.78,0.06
555,Marc-André ter Stegen,GER,GK,Barcelona,32.0,0,0,0,0,0,0,1,0.0,1,0,0,0,0,0,2,2,0.0,0.0,0.0,0.0,0.0,0.0,0.13,0.13,0.0,0.0,0.0,0.0,0.0,0.27,0.27
556,Ramón Terrats,ESP,"MF,FW",Villarreal,23.0,3,3,1,2,0,2,4,50.0,2,3,1,2,2,5,3,0,2.0,2.0,0.67,1.33,0.0,1.33,2.67,1.33,2.0,0.67,1.33,1.33,3.33,2.0,0.0
557,Ramón Terrats,ESP,"MF,FW",Getafe,23.0,20,10,7,8,5,8,28,28.6,20,9,2,7,8,28,16,0,1.48,0.74,0.52,0.59,0.37,0.59,2.07,1.48,0.67,0.15,0.52,0.59,2.07,1.19,0.0
558,Raúl de Tomás,ESP,"DF,FW",Rayo Vallecano,29.0,2,2,1,0,1,0,0,,0,0,0,0,0,2,0,0,10.0,10.0,5.0,0.0,5.0,0.0,0.0,0.0,0.0,0.0,0.0,0.0,10.0,0.0,0.0
559,Pablo Torre,ESP,"MF,FW",Barcelona,21.0,5,4,1,3,1,2,4,50.0,2,0,0,0,3,8,5,1,1.47,1.18,0.29,0.88,0.29,0.59,1.18,0.59,0.0,0.0,0.0,0.88,2.35,1.47,0.29
560,David Torres,ESP,DF,Valladolid,21.0,13,8,12,1,0,7,11,63.6,4,19,17,2,10,23,74,0,0.84,0.52,0.78,0.06,0.0,0.45,0.71,0.26,1.23,1.1,0.13,0.65,1.49,4.81,0.0
561,Ferrán Torres,ESP,"FW,MF",Barcelona,24.0,8,4,2,3,3,3,8,37.5,5,7,1,6,4,12,5,0,0.65,0.33,0.16,0.24,0.24,0.24,0.65,0.41,0.57,0.08,0.49,0.33,0.98,0.41,0.0
562,Lucas Torró,ESP,MF,Osasuna,30.0,74,41,34,35,5,36,64,56.3,28,36,9,27,45,119,70,3,2.25,1.25,1.03,1.06,0.15,1.09,1.95,0.85,1.09,0.27,0.82,1.37,3.62,2.13,0.09
563,Hamari Traoré,MLI,DF,Real Sociedad,32.0,19,12,10,7,2,15,22,68.2,7,6,2,4,9,28,21,0,2.44,1.54,1.28,0.9,0.26,1.92,2.82,0.9,0.77,0.26,0.51,1.15,3.59,2.69,0.0
564,Óscar Trejo,ARG,MF,Rayo Vallecano,36.0,8,5,1,5,2,3,9,33.3,6,9,0,9,4,12,5,0,1.45,0.91,0.18,0.91,0.36,0.55,1.64,1.09,1.64,0.0,1.64,0.73,2.18,0.91,0.0
565,Viktor Tsyhankov,UKR,"FW,MF",Girona,26.0,19,12,4,7,8,9,19,47.4,10,7,1,6,15,34,16,1,0.89,0.56,0.19,0.33,0.38,0.42,0.89,0.47,0.33,0.05,0.28,0.7,1.6,0.75,0.05
566,Beñat Turrientes,ESP,MF,Real Sociedad,22.0,15,6,4,10,1,4,15,26.7,11,15,3,12,5,20,14,1,1.43,0.57,0.38,0.95,0.1,0.38,1.43,1.05,1.43,0.29,1.14,0.48,1.9,1.33,0.1
567,Christantus Uche,NGA,"FW,MF",Getafe,21.0,35,21,8,19,8,9,20,45.0,11,20,2,18,10,45,19,0,1.27,0.76,0.29,0.69,0.29,0.33,0.72,0.4,0.72,0.07,0.65,0.36,1.63,0.69,0.0
568,Naci Ünüvar,NED,"MF,DF",Espanyol,21.0,2,2,1,1,0,1,2,50.0,1,0,0,0,0,2,0,0,6.67,6.67,3.33,3.33,0.0,3.33,6.67,3.33,0.0,0.0,0.0,0.0,6.67,0.0,0.0
569,Óscar Valentín,ESP,MF,Rayo Vallecano,29.0,55,41,21,20,14,33,76,43.4,43,36,8,28,21,76,51,2,2.7,2.01,1.03,0.98,0.69,1.62,3.73,2.11,1.76,0.39,1.37,1.03,3.73,2.5,0.1
570,Germán Valera,ESP,MF,Valencia,22.0,1,1,1,0,0,0,1,0.0,1,2,0,2,4,5,2,1,0.63,0.63,0.63,0.0,0.0,0.0,0.63,0.63,1.25,0.0,1.25,2.5,3.13,1.25,0.63
571,Martin Valjent,SVK,DF,Mallorca,28.0,30,21,22,7,1,15,25,60.0,10,32,21,11,18,48,195,1,0.98,0.68,0.72,0.23,0.03,0.49,0.81,0.33,1.04,0.68,0.36,0.59,1.56,6.35,0.03
572,Jesús Vallejo,ESP,DF,Real Madrid,27.0,0,0,0,0,0,0,0,,0,0,0,0,2,2,8,0,0.0,0.0,0.0,0.0,0.0,0.0,0.0,0.0,0.0,0.0,0.0,1.33,1.33,5.33,0.0
573,Federico Valverde,URU,"MF,DF",Real Madrid,26.0,50,30,22,23,5,29,43,67.4,14,38,8,30,55,105,52,1,1.48,0.89,0.65,0.68,0.15,0.86,1.28,0.42,1.13,0.24,0.89,1.63,3.12,1.54,0.03
574,Siebe Van Der Heyden,BEL,"DF,MF",Mallorca,26.0,1,1,0,1,0,0,0,,0,1,0,1,2,3,3,0,0.91,0.91,0.0,0.91,0.0,0.0,0.0,0.0,0.91,0.0,0.91,1.82,2.73,2.73,0.0
575,Ruben Vargas,SUI,"FW,MF",Sevilla,25.0,7,4,1,5,1,3,8,37.5,5,9,0,9,3,10,10,0,0.93,0.53,0.13,0.67,0.13,0.4,1.07,0.67,1.2,0.0,1.2,0.4,1.33,1.33,0.0
576,José Luis García Vayá,ESP,MF,Valencia,25.0,43,25,24,13,6,19,33,57.6,14,23,6,17,19,62,42,0,2.22,1.29,1.24,0.67,0.31,0.98,1.7,0.72,1.19,0.31,0.88,0.98,3.2,2.16,0.0
577,Jesus Vazquez,ESP,DF,Valencia,21.0,23,18,12,9,2,10,19,52.6,9,16,5,11,10,33,30,0,2.25,1.76,1.18,0.88,0.2,0.98,1.86,0.88,1.57,0.49,1.08,0.98,3.24,2.94,0.0
578,Lucas Vázquez,ESP,DF,Real Madrid,33.0,58,34,33,17,8,27,48,56.3,21,24,6,18,17,75,35,1,2.39,1.4,1.36,0.7,0.33,1.11,1.98,0.86,0.99,0.25,0.74,0.7,3.09,1.44,0.04
579,Alejo Véliz,ARG,FW,Espanyol,20.0,1,1,0,1,0,1,7,14.3,6,12,2,10,4,5,23,1,0.08,0.08,0.0,0.08,0.0,0.08,0.56,0.48,0.96,0.16,0.8,0.32,0.4,1.84,0.08
580,Mikel Vesga,ESP,MF,Athletic Club,31.0,22,15,7,13,2,12,28,42.9,16,10,1,9,15,37,26,0,2.0,1.36,0.64,1.18,0.18,1.09,2.55,1.45,0.91,0.09,0.82,1.36,3.36,2.36,0.0
581,Carlos Vicente,ESP,"FW,MF",Alavés,25.0,47,31,26,11,10,25,64,39.1,39,34,2,32,14,61,40,0,1.37,0.9,0.76,0.32,0.29,0.73,1.86,1.13,0.99,0.06,0.93,0.41,1.77,1.16,0.0
582,Pau Victor,ESP,FW,Barcelona,22.0,3,1,0,2,1,0,3,0.0,3,6,1,5,2,5,5,0,0.86,0.29,0.0,0.57,0.29,0.0,0.86,0.86,1.71,0.29,1.43,0.57,1.43,1.43,0.0
583,Nacho Vidal,ESP,DF,Osasuna,29.0,2,0,0,1,1,1,4,25.0,3,1,0,1,0,2,6,0,1.43,0.0,0.0,0.71,0.71,0.71,2.86,2.14,0.71,0.0,0.71,0.0,1.43,4.29,0.0
584,Fran Vieites,ESP,GK,Betis,25.0,0,0,0,0,0,0,0,,0,0,0,0,0,0,1,0,0.0,0.0,0.0,0.0,0.0,0.0,0.0,0.0,0.0,0.0,0.0,0.0,0.0,0.25,0.0
585,Sergio Viera,ESP,MF,Las Palmas,19.0,1,1,0,1,0,0,1,0.0,1,1,0,1,1,2,1,0,0.91,0.91,0.0,0.91,0.0,0.0,0.91,0.91,0.91,0.0,0.91,0.91,1.82,0.91,0.0
586,Asier Villalibre,ESP,FW,Alavés,26.0,2,2,0,1,1,1,2,50.0,1,1,0,1,1,3,7,0,0.54,0.54,0.0,0.27,0.27,0.27,0.54,0.27,0.27,0.0,0.27,0.27,0.81,1.89,0.0
587,Iván Villar,ESP,GK,Celta Vigo,27.0,0,0,0,0,0,0,0,,0,0,0,0,0,0,3,0,0.0,0.0,0.0,0.0,0.0,0.0,0.0,0.0,0.0,0.0,0.0,0.0,0.0,0.75,0.0
588,Viti,ESP,DF,Las Palmas,26.0,71,46,43,21,7,31,45,68.9,14,28,7,21,27,98,61,0,3.23,2.09,1.95,0.95,0.32,1.41,2.05,0.64,1.27,0.32,0.95,1.23,4.45,2.77,0.0
589,Daniel Vivian,ESP,DF,Athletic Club,25.0,40,26,23,14,3,21,32,65.6,11,26,10,16,47,87,152,2,1.38,0.9,0.79,0.48,0.1,0.72,1.1,0.38,0.9,0.34,0.55,1.62,3.0,5.24,0.07
590,Krapyvtsov Vladyslav,UKR,GK,Girona,19.0,0,0,0,0,0,0,0,,0,0,0,0,0,0,1,1,0.0,0.0,0.0,0.0,0.0,0.0,0.0,0.0,0.0,0.0,0.0,0.0,0.0,0.5,0.5
591,Iñaki Williams,GHA,FW,Athletic Club,30.0,17,10,4,8,5,12,23,52.2,11,34,5,29,12,29,32,0,0.58,0.34,0.14,0.27,0.17,0.41,0.78,0.37,1.15,0.17,0.98,0.41,0.98,1.08,0.0
592,Nico Williams,ESP,FW,Athletic Club,22.0,28,18,10,11,7,11,32,34.4,21,20,1,19,7,35,9,0,1.26,0.81,0.45,0.5,0.32,0.5,1.44,0.95,0.9,0.05,0.86,0.32,1.58,0.41,0.0
593,Axel Witsel,BEL,DF,Atlético Madrid,35.0,16,12,4,10,2,12,14,85.7,2,15,8,7,11,27,34,1,1.68,1.26,0.42,1.05,0.21,1.26,1.47,0.21,1.58,0.84,0.74,1.16,2.84,3.58,0.11
594,Lamine Yamal,ESP,FW,Barcelona,17.0,42,28,8,17,17,16,38,42.1,22,12,0,12,16,58,3,0,1.32,0.88,0.25,0.54,0.54,0.5,1.2,0.69,0.38,0.0,0.38,0.5,1.83,0.09,0.0
595,Daniel Yáñez,ESP,FW,Real Madrid,17.0,0,0,0,0,0,0,0,,0,0,0,0,0,0,0,0,0.0,0.0,0.0,0.0,0.0,0.0,0.0,0.0,0.0,0.0,0.0,0.0,0.0,0.0,0.0
596,Bertuğ Yıldırım,TUR,FW,Getafe,22.0,10,5,0,7,3,2,7,28.6,5,13,2,11,1,11,16,0,0.83,0.42,0.0,0.58,0.25,0.17,0.58,0.42,1.08,0.17,0.92,0.08,0.92,1.33,0.0
597,Arsen Zakharyan,RUS,"MF,FW",Real Sociedad,21.0,1,1,1,0,0,1,1,100.0,0,1,1,0,1,2,0,0,1.25,1.25,1.25,0.0,0.0,1.25,1.25,0.0,1.25,1.25,0.0,1.25,2.5,0.0,0.0
598,Bryan Zaragoza,ESP,"FW,MF",Osasuna,23.0,13,9,8,4,1,6,21,28.6,15,10,0,10,4,17,8,0,0.64,0.44,0.39,0.2,0.05,0.29,1.03,0.74,0.49,0.0,0.49,0.2,0.83,0.39,0.0
599,Igor Zubeldia,ESP,DF,Real Sociedad,27.0,34,22,21,10,3,14,26,53.8,12,32,18,14,31,65,100,2,1.35,0.87,0.83,0.4,0.12,0.56,1.03,0.48,1.27,0.71,0.56,1.23,2.58,3.97,0.08
600,Martín Zubimendi,ESP,MF,Real Sociedad,25.0,73,37,31,29,13,28,44,63.6,16,42,16,26,44,117,79,3,2.22,1.12,0.94,0.88,0.4,0.85,1.34,0.49,1.28,0.49,0.79,1.34,3.56,2.4,0.09
